HITId,HITTypeId,Title,Description,Keywords,CreationTime,MaxAssignments,RequesterAnnotation,AssignmentDurationInSeconds,AutoApprovalDelayInSeconds,Expiration,NumberOfSimilarHITs,LifetimeInSeconds,AssignmentId,WorkerId,AssignmentStatus,AcceptTime,SubmitTime,AutoApprovalTime,ApprovalTime,RejectionTime,RequesterFeedback,WorkTimeInSeconds,LifetimeApprovalRate,Last30DaysApprovalRate,Last7DaysApprovalRate,Input.Modifier,Input.Aspect,Input.Sentiment,Answer.sentiment.label,Approve,Reject
34D9ZRXCZ1J5THWF27GVCDRTIGMAST,398H02C4IDQI5HHO6KOZMDQW3QGEF2,Modifier/Aspect Sentiment analysis describing a set of headphones extracted from amazon reviews.,Determine if a modifier (adjective) describes an aspect (noun) in a positive or negative way.,"sentiment, text",Thu May 19 07:34:26 PDT 2022,1,BatchId:4744245;OriginalHitTemplateId:928390909;,3600,259200,Thu May 19 07:34:20 PDT 2022,,,3RSDURM96LB720NU7KF8F209A6PYEM,A1SLASX6PGAY8V,Approved,Thu May 19 07:35:05 PDT 2022,Thu May 19 07:35:37 PDT 2022,Sun May 22 07:35:37 PDT 2022,Thu May 19 07:55:58 PDT 2022,,,32,100% (3/3),100% (3/3),100% (3/3),proper,connection,(positive),Positive,,
3Z3R5YC0QDC148Q22N7D0JY6HFDFT0,398H02C4IDQI5HHO6KOZMDQW3QGEF2,Modifier/Aspect Sentiment analysis describing a set of headphones extracted from amazon reviews.,Determine if a modifier (adjective) describes an aspect (noun) in a positive or negative way.,"sentiment, text",Thu May 19 07:34:26 PDT 2022,1,BatchId:4744245;OriginalHitTemplateId:928390909;,3600,259200,Thu May 19 07:34:20 PDT 2022,,,36U2A8VAGCOAO0F436QBDXDEU3LYK6,A3R9G09MWQW6OY,Approved,Thu May 19 07:35:13 PDT 2022,Thu May 19 07:43:39 PDT 2022,Sun May 22 07:43:39 PDT 2022,Thu May 19 07:56:37 PDT 2022,,,506,100% (10/10),100% (10/10),100% (10/10),little,bit,(negative),Negative,,
3BS6ERDLADWY4Q1UF44U1937LUMD6C,398H02C4IDQI5HHO6KOZMDQW3QGEF2,Modifier/Aspect Sentiment analysis describing a set of headphones extracted from amazon reviews.,Determine if a modifier (adjective) describes an aspect (noun) in a positive or negative way.,"sentiment, text",Thu May 19 07:34:26 PDT 2022,1,BatchId:4744245;OriginalHitTemplateId:928390909;,3600,259200,Thu May 19 07:34:20 PDT 2022,,,3RXCAC0YI2EQ78S30B72GSXJU72G88,A1PF0W8RH1CLSB,Approved,Thu May 19 07:35:15 PDT 2022,Thu May 19 07:53:37 PDT 2022,Sun May 22 07:53:37 PDT 2022,Thu May 19 07:56:01 PDT 2022,,,1102,100% (6/6),100% (6/6),100% (6/6),lower,price,(negative),Negative,,
33KGGVH2546HVA5E0YTP0KFIT1IX10,398H02C4IDQI5HHO6KOZMDQW3QGEF2,Modifier/Aspect Sentiment analysis describing a set of headphones extracted from amazon reviews.,Determine if a modifier (adjective) describes an aspect (noun) in a positive or negative way.,"sentiment, text",Thu May 19 07:34:26 PDT 2022,1,BatchId:4744245;OriginalHitTemplateId:928390909;,3600,259200,Thu May 26 07:34:26 PDT 2022,,,3GNCZX450TCA39EH0SH36SH6LMPAPA,A9HQ3E0F2AGVO,Approved,Thu May 19 07:35:09 PDT 2022,Thu May 19 07:35:13 PDT 2022,Sun May 22 07:35:13 PDT 2022,Thu May 19 07:55:58 PDT 2022,,,4,100% (2/2),100% (2/2),100% (2/2),perfect,sound,(very positive),Very Positive,,
3DIIW4IV9ZK1XED2OUCQV8Z6H8OI4Y,398H02C4IDQI5HHO6KOZMDQW3QGEF2,Modifier/Aspect Sentiment analysis describing a set of headphones extracted from amazon reviews.,Determine if a modifier (adjective) describes an aspect (noun) in a positive or negative way.,"sentiment, text",Thu May 19 07:34:26 PDT 2022,1,BatchId:4744245;OriginalHitTemplateId:928390909;,3600,259200,Thu May 19 07:34:21 PDT 2022,,,3TPZPLC3MB1AJOFWRD2TJK30FCX3P7,A3R9G09MWQW6OY,Approved,Thu May 19 07:35:11 PDT 2022,Thu May 19 07:43:20 PDT 2022,Sun May 22 07:43:20 PDT 2022,Thu May 19 07:56:02 PDT 2022,,,489,100% (10/10),100% (10/10),100% (10/10),Sound,quality,(neutral),Neutral,,
3P458N04RB6OKVNAJ2T353PNL7WX2H,398H02C4IDQI5HHO6KOZMDQW3QGEF2,Modifier/Aspect Sentiment analysis describing a set of headphones extracted from amazon reviews.,Determine if a modifier (adjective) describes an aspect (noun) in a positive or negative way.,"sentiment, text",Thu May 19 07:34:26 PDT 2022,1,BatchId:4744245;OriginalHitTemplateId:928390909;,3600,259200,Thu May 19 07:34:22 PDT 2022,,,33CID5710FIKS30YZL9M23UGA2W3L9,A260RVA65FR2IB,Approved,Thu May 19 07:35:08 PDT 2022,Thu May 19 07:57:19 PDT 2022,Sun May 22 07:57:19 PDT 2022,Thu May 19 08:06:32 PDT 2022,,,1331,100% (8/8),100% (8/8),100% (8/8),previous,item,(neutral),Neutral,,
3UEBBGULQPDG4L5R2SXN5FK80TKFUR,398H02C4IDQI5HHO6KOZMDQW3QGEF2,Modifier/Aspect Sentiment analysis describing a set of headphones extracted from amazon reviews.,Determine if a modifier (adjective) describes an aspect (noun) in a positive or negative way.,"sentiment, text",Thu May 19 07:34:26 PDT 2022,1,BatchId:4744245;OriginalHitTemplateId:928390909;,3600,259200,Thu May 19 07:34:22 PDT 2022,,,33FBRBDW6ZODQWCYYPBJQ1C4WFA8CQ,A3MHLQBHJ266G,Approved,Thu May 19 07:35:09 PDT 2022,Thu May 19 07:37:15 PDT 2022,Sun May 22 07:37:15 PDT 2022,Thu May 19 07:56:34 PDT 2022,,,126,100% (18/18),100% (18/18),100% (18/18),wireless,items,(neutral),Neutral,,
34XASH8KM0B9IQPC7T26QZHIPD4MP9,398H02C4IDQI5HHO6KOZMDQW3QGEF2,Modifier/Aspect Sentiment analysis describing a set of headphones extracted from amazon reviews.,Determine if a modifier (adjective) describes an aspect (noun) in a positive or negative way.,"sentiment, text",Thu May 19 07:34:26 PDT 2022,1,BatchId:4744245;OriginalHitTemplateId:928390909;,3600,259200,Thu May 19 07:34:22 PDT 2022,,,33TIN5LC0FZQ74WDZ9ZMNOZYJ99Y9C,A3EDVGLEXLUE5,Approved,Thu May 19 07:35:01 PDT 2022,Thu May 19 07:36:44 PDT 2022,Sun May 22 07:36:44 PDT 2022,Thu May 19 07:55:58 PDT 2022,,,103,100% (4/4),100% (4/4),100% (4/4),evident,gap,,Negative,,
35A1YQPVGO5JTXH22ZV0005KH4JI53,398H02C4IDQI5HHO6KOZMDQW3QGEF2,Modifier/Aspect Sentiment analysis describing a set of headphones extracted from amazon reviews.,Determine if a modifier (adjective) describes an aspect (noun) in a positive or negative way.,"sentiment, text",Thu May 19 07:34:26 PDT 2022,1,BatchId:4744245;OriginalHitTemplateId:928390909;,3600,259200,Thu May 19 07:34:23 PDT 2022,,,3A0EX8ZRNJD9VXBAXTDIEUUO79CYBM,A2R99OKTW7QVER,Approved,Thu May 19 07:35:30 PDT 2022,Thu May 19 07:40:28 PDT 2022,Sun May 22 07:40:28 PDT 2022,Thu May 19 07:55:58 PDT 2022,,,298,100% (15/15),100% (15/15),100% (15/15),not properly,plug,,Negative,,
3ABAOCJ4SITUI2QR76HVQ47SU9QMQ0,398H02C4IDQI5HHO6KOZMDQW3QGEF2,Modifier/Aspect Sentiment analysis describing a set of headphones extracted from amazon reviews.,Determine if a modifier (adjective) describes an aspect (noun) in a positive or negative way.,"sentiment, text",Thu May 19 07:34:26 PDT 2022,1,BatchId:4744245;OriginalHitTemplateId:928390909;,3600,259200,Thu May 19 07:34:23 PDT 2022,,,36AHBNMV1212AU9UBP4O9KIOAUOYDT,A260RVA65FR2IB,Approved,Thu May 19 07:35:05 PDT 2022,Thu May 19 07:57:06 PDT 2022,Sun May 22 07:57:06 PDT 2022,Thu May 19 08:06:32 PDT 2022,,,1321,100% (8/8),100% (8/8),100% (8/8),not fully,plug,,Neutral,,
35YHTYFL2QSGH0UR7I7S11MRE0TFVG,398H02C4IDQI5HHO6KOZMDQW3QGEF2,Modifier/Aspect Sentiment analysis describing a set of headphones extracted from amazon reviews.,Determine if a modifier (adjective) describes an aspect (noun) in a positive or negative way.,"sentiment, text",Thu May 19 07:34:27 PDT 2022,1,BatchId:4744245;OriginalHitTemplateId:928390909;,3600,259200,Thu May 19 07:34:24 PDT 2022,,,33C7UALJVWNT3T20ISMZ95TDSIJ18T,A3R9G09MWQW6OY,Approved,Thu May 19 07:35:10 PDT 2022,Thu May 19 07:43:08 PDT 2022,Sun May 22 07:43:08 PDT 2022,Thu May 19 07:55:58 PDT 2022,,,478,100% (10/10),100% (10/10),100% (10/10),sound,quality,,Positive,,
3P4ZBJFX35STWPUWXSCON355L9VFWQ,398H02C4IDQI5HHO6KOZMDQW3QGEF2,Modifier/Aspect Sentiment analysis describing a set of headphones extracted from amazon reviews.,Determine if a modifier (adjective) describes an aspect (noun) in a positive or negative way.,"sentiment, text",Thu May 19 07:34:27 PDT 2022,1,BatchId:4744245;OriginalHitTemplateId:928390909;,3600,259200,Thu May 19 07:34:25 PDT 2022,,,3570Y55XZ085MEJLDF5WF5LLNM4YG3,A6SPT88FAZLY1,Approved,Thu May 19 07:35:08 PDT 2022,Thu May 19 08:15:55 PDT 2022,Sun May 22 08:15:55 PDT 2022,Thu May 19 08:48:16 PDT 2022,,,2447,100% (2/2),100% (2/2),100% (2/2),great,quality,,Very Negative,,
3B6F54KMSC19ZTJF6ON21CYQEMGS1N,398H02C4IDQI5HHO6KOZMDQW3QGEF2,Modifier/Aspect Sentiment analysis describing a set of headphones extracted from amazon reviews.,Determine if a modifier (adjective) describes an aspect (noun) in a positive or negative way.,"sentiment, text",Thu May 19 07:34:27 PDT 2022,1,BatchId:4744245;OriginalHitTemplateId:928390909;,3600,259200,Thu May 19 07:34:25 PDT 2022,,,3JRJSWSMQSA6MXQ6IZMIP84W15V3EM,A3MHLQBHJ266G,Approved,Thu May 19 07:34:57 PDT 2022,Thu May 19 07:36:30 PDT 2022,Sun May 22 07:36:30 PDT 2022,Thu May 19 07:56:01 PDT 2022,,,93,100% (18/18),100% (18/18),100% (18/18),better,sync,,Neutral,,
3126F2F5GISB62XZQVENDRC9GBDPEN,398H02C4IDQI5HHO6KOZMDQW3QGEF2,Modifier/Aspect Sentiment analysis describing a set of headphones extracted from amazon reviews.,Determine if a modifier (adjective) describes an aspect (noun) in a positive or negative way.,"sentiment, text",Thu May 19 07:34:27 PDT 2022,1,BatchId:4744245;OriginalHitTemplateId:928390909;,3600,259200,Thu May 19 07:34:25 PDT 2022,,,38SKSKU7RCMZI6IHKOG969W5TKTILO,A3A4JW5Q9FQ1OW,Approved,Thu May 19 07:35:04 PDT 2022,Thu May 19 07:38:37 PDT 2022,Sun May 22 07:38:37 PDT 2022,Thu May 19 07:55:56 PDT 2022,,,213,100% (16/16),100% (16/16),100% (16/16),outdoors,TV,,Neutral,,
3XQ4XW3OEJ1GOE1BPSNG6V8V6SUS24,398H02C4IDQI5HHO6KOZMDQW3QGEF2,Modifier/Aspect Sentiment analysis describing a set of headphones extracted from amazon reviews.,Determine if a modifier (adjective) describes an aspect (noun) in a positive or negative way.,"sentiment, text",Thu May 19 07:34:27 PDT 2022,1,BatchId:4744245;OriginalHitTemplateId:928390909;,3600,259200,Thu May 19 07:34:26 PDT 2022,,,3TPWUS5F8KQOGX8GWSRP4HFQEMCWCS,A3MHLQBHJ266G,Approved,Thu May 19 07:35:01 PDT 2022,Thu May 19 07:36:55 PDT 2022,Sun May 22 07:36:55 PDT 2022,Thu May 19 07:56:36 PDT 2022,,,114,100% (18/18),100% (18/18),100% (18/18),minutes,setup,,Neutral,,
3O71U79SSLE6VI54ZA60L4MTCXBMSP,398H02C4IDQI5HHO6KOZMDQW3QGEF2,Modifier/Aspect Sentiment analysis describing a set of headphones extracted from amazon reviews.,Determine if a modifier (adjective) describes an aspect (noun) in a positive or negative way.,"sentiment, text",Thu May 19 07:34:27 PDT 2022,1,BatchId:4744245;OriginalHitTemplateId:928390909;,3600,259200,Thu May 19 07:34:26 PDT 2022,,,3DI28L7YXL3ACUCRVV8Z1FPZ3LH1ES,AS5OG2PNDHRVQ,Approved,Thu May 19 07:35:19 PDT 2022,Thu May 19 07:37:33 PDT 2022,Sun May 22 07:37:33 PDT 2022,Thu May 19 07:56:06 PDT 2022,,,134,100% (26/26),100% (26/26),100% (26/26),favorite,shows,,Neutral,,
3VMHWJRYI558LPZM7X8APMJCUB1FXJ,398H02C4IDQI5HHO6KOZMDQW3QGEF2,Modifier/Aspect Sentiment analysis describing a set of headphones extracted from amazon reviews.,Determine if a modifier (adjective) describes an aspect (noun) in a positive or negative way.,"sentiment, text",Thu May 19 07:34:27 PDT 2022,1,BatchId:4744245;OriginalHitTemplateId:928390909;,3600,259200,Thu May 19 07:34:26 PDT 2022,,,333U7HK6IK4CF5EVPP3LZX30XQGDJF,A14FCJ9V19KSML,Approved,Thu May 19 07:35:09 PDT 2022,Thu May 19 08:08:49 PDT 2022,Sun May 22 08:08:49 PDT 2022,Thu May 19 08:09:59 PDT 2022,,,2020,100% (3/3),100% (3/3),100% (3/3),severe,problems,,Negative,,
3OCZWXS70YWLJYP8N2SDSGXCY8DL5K,398H02C4IDQI5HHO6KOZMDQW3QGEF2,Modifier/Aspect Sentiment analysis describing a set of headphones extracted from amazon reviews.,Determine if a modifier (adjective) describes an aspect (noun) in a positive or negative way.,"sentiment, text",Thu May 19 07:34:27 PDT 2022,1,BatchId:4744245;OriginalHitTemplateId:928390909;,3600,259200,Thu May 19 07:34:27 PDT 2022,,,3ZR9AIQJUMYSD3UGA6SMEOUYL4H40M,AS5OG2PNDHRVQ,Approved,Thu May 19 07:35:24 PDT 2022,Thu May 19 07:37:55 PDT 2022,Sun May 22 07:37:55 PDT 2022,Thu May 19 07:56:06 PDT 2022,,,151,100% (26/26),100% (26/26),100% (26/26),static,problems,,Neutral,,
3QD8LUVX57NGJS6X1LV13ASZ5HNX5I,398H02C4IDQI5HHO6KOZMDQW3QGEF2,Modifier/Aspect Sentiment analysis describing a set of headphones extracted from amazon reviews.,Determine if a modifier (adjective) describes an aspect (noun) in a positive or negative way.,"sentiment, text",Thu May 19 07:34:27 PDT 2022,1,BatchId:4744245;OriginalHitTemplateId:928390909;,3600,259200,Thu May 19 07:34:27 PDT 2022,,,3YDTZAI2W85SKSFY6PWMSTD8QWN14M,A59DVED5S9N9Y,Approved,Thu May 19 07:35:00 PDT 2022,Thu May 19 07:41:12 PDT 2022,Sun May 22 07:41:12 PDT 2022,Thu May 19 07:56:07 PDT 2022,,,372,100% (5/5),100% (5/5),100% (5/5),great,things,,Very Positive,,
3WGZLY9VDRBL84KI8J1SLNZYRPCD8Y,398H02C4IDQI5HHO6KOZMDQW3QGEF2,Modifier/Aspect Sentiment analysis describing a set of headphones extracted from amazon reviews.,Determine if a modifier (adjective) describes an aspect (noun) in a positive or negative way.,"sentiment, text",Thu May 19 07:34:27 PDT 2022,1,BatchId:4744245;OriginalHitTemplateId:928390909;,3600,259200,Thu May 19 07:34:27 PDT 2022,,,31QTRG6Q242BZRCKGYVJ9EZDODRYP7,A36CMQ8MXQ4G0V,Approved,Thu May 19 07:35:18 PDT 2022,Thu May 19 07:36:05 PDT 2022,Sun May 22 07:36:05 PDT 2022,Thu May 19 07:56:36 PDT 2022,,,47,100% (10/10),100% (10/10),100% (10/10),longer,volume,,Neutral,,
3IHWR4LC8N22GF040X23CKFBJUKI85,398H02C4IDQI5HHO6KOZMDQW3QGEF2,Modifier/Aspect Sentiment analysis describing a set of headphones extracted from amazon reviews.,Determine if a modifier (adjective) describes an aspect (noun) in a positive or negative way.,"sentiment, text",Thu May 19 07:34:28 PDT 2022,1,BatchId:4744245;OriginalHitTemplateId:928390909;,3600,259200,Thu May 19 07:34:27 PDT 2022,,,3IAS3U3I0Q5JUCI3486N5QTJSUIB2J,A2OP2ZANIM5ZV,Approved,Thu May 19 07:35:21 PDT 2022,Thu May 19 07:35:30 PDT 2022,Sun May 22 07:35:30 PDT 2022,Thu May 19 07:56:04 PDT 2022,,,9,100% (20/20),100% (20/20),100% (20/20),Good,sound,,Positive,,
3D42WVSDIIKXLUPWCTUC80QLWHVFYP,398H02C4IDQI5HHO6KOZMDQW3QGEF2,Modifier/Aspect Sentiment analysis describing a set of headphones extracted from amazon reviews.,Determine if a modifier (adjective) describes an aspect (noun) in a positive or negative way.,"sentiment, text",Thu May 19 07:34:28 PDT 2022,1,BatchId:4744245;OriginalHitTemplateId:928390909;,3600,259200,Thu May 19 07:34:27 PDT 2022,,,39GHHAVOMQGZF9V2WE2SWT9UKDNJ48,A1NRZ7O1TEJB1V,Approved,Thu May 19 07:35:35 PDT 2022,Thu May 19 07:35:48 PDT 2022,Sun May 22 07:35:48 PDT 2022,Thu May 19 07:56:01 PDT 2022,,,13,100% (1/1),100% (1/1),100% (1/1),sure,for,,Positive,,
3HFWPF5ALJ859WXUTS1LP5DNC6US3F,398H02C4IDQI5HHO6KOZMDQW3QGEF2,Modifier/Aspect Sentiment analysis describing a set of headphones extracted from amazon reviews.,Determine if a modifier (adjective) describes an aspect (noun) in a positive or negative way.,"sentiment, text",Thu May 19 07:34:28 PDT 2022,1,BatchId:4744245;OriginalHitTemplateId:928390909;,3600,259200,Thu May 19 07:34:28 PDT 2022,,,3WQ3B2KGEJ5C5R07L46907JE0O4B12,A36Z30RJ3WE7GT,Approved,Thu May 19 07:35:30 PDT 2022,Thu May 19 07:35:39 PDT 2022,Sun May 22 07:35:39 PDT 2022,Thu May 19 07:56:03 PDT 2022,,,9,100% (2/2),100% (2/2),100% (2/2),Little,pieces,,Neutral,,
367O8HRHLQXQRSGYT664ZA5TQ6QS40,398H02C4IDQI5HHO6KOZMDQW3QGEF2,Modifier/Aspect Sentiment analysis describing a set of headphones extracted from amazon reviews.,Determine if a modifier (adjective) describes an aspect (noun) in a positive or negative way.,"sentiment, text",Thu May 19 07:34:28 PDT 2022,1,BatchId:4744245;OriginalHitTemplateId:928390909;,3600,259200,Thu May 19 07:34:28 PDT 2022,,,3Z4GS9HPN6Z3E1CJX3B2WFOVKKD779,A3MHLQBHJ266G,Approved,Thu May 19 07:35:18 PDT 2022,Thu May 19 07:37:59 PDT 2022,Sun May 22 07:37:59 PDT 2022,Thu May 19 07:55:59 PDT 2022,,,161,100% (18/18),100% (18/18),100% (18/18),cheap,plastic,,Negative,,
3JYPJ2TAZSX3CGXVL6YTV9X9SCSPF5,398H02C4IDQI5HHO6KOZMDQW3QGEF2,Modifier/Aspect Sentiment analysis describing a set of headphones extracted from amazon reviews.,Determine if a modifier (adjective) describes an aspect (noun) in a positive or negative way.,"sentiment, text",Thu May 19 07:34:28 PDT 2022,1,BatchId:4744245;OriginalHitTemplateId:928390909;,3600,259200,Thu May 19 07:34:28 PDT 2022,,,374TNBHA8MKWZ3DZGBA89JPNT9DYQY,A1A7Y1FQU7GCLD,Approved,Thu May 19 07:35:21 PDT 2022,Thu May 19 07:41:25 PDT 2022,Sun May 22 07:41:25 PDT 2022,Thu May 19 07:56:05 PDT 2022,,,364,100% (22/22),100% (22/22),100% (22/22),bare,wire,,Neutral,,
3FDWKV9VDXRMAVX8OF10054HXUWMU5,398H02C4IDQI5HHO6KOZMDQW3QGEF2,Modifier/Aspect Sentiment analysis describing a set of headphones extracted from amazon reviews.,Determine if a modifier (adjective) describes an aspect (noun) in a positive or negative way.,"sentiment, text",Thu May 19 07:34:28 PDT 2022,1,BatchId:4744245;OriginalHitTemplateId:928390909;,3600,259200,Thu May 19 07:34:28 PDT 2022,,,3SEPORI8WYO4HDGNN1F5XQJKVLWAZV,A3R9G09MWQW6OY,Approved,Thu May 19 07:35:12 PDT 2022,Thu May 19 07:43:30 PDT 2022,Sun May 22 07:43:30 PDT 2022,Thu May 19 07:56:02 PDT 2022,,,498,100% (10/10),100% (10/10),100% (10/10),totally,cord,,Positive,,
3VJ4PFXFKDWL8UOJRCBVRE9H3D7UAT,398H02C4IDQI5HHO6KOZMDQW3QGEF2,Modifier/Aspect Sentiment analysis describing a set of headphones extracted from amazon reviews.,Determine if a modifier (adjective) describes an aspect (noun) in a positive or negative way.,"sentiment, text",Thu May 19 07:34:28 PDT 2022,1,BatchId:4744245;OriginalHitTemplateId:928390909;,3600,259200,Thu May 19 07:34:28 PDT 2022,,,3137ONMDKRU7G92UDET282T55A0GE7,A1A7Y1FQU7GCLD,Approved,Thu May 19 07:35:22 PDT 2022,Thu May 19 07:41:31 PDT 2022,Sun May 22 07:41:31 PDT 2022,Thu May 19 07:56:35 PDT 2022,,,369,100% (22/22),100% (22/22),100% (22/22),GREAT,set,,Very Positive,,
3INZSNUD9AFLM93SDB76LJU9BVUD9N,398H02C4IDQI5HHO6KOZMDQW3QGEF2,Modifier/Aspect Sentiment analysis describing a set of headphones extracted from amazon reviews.,Determine if a modifier (adjective) describes an aspect (noun) in a positive or negative way.,"sentiment, text",Thu May 19 07:34:28 PDT 2022,1,BatchId:4744245;OriginalHitTemplateId:928390909;,3600,259200,Thu May 19 07:34:29 PDT 2022,,,31QNSG6A52I7EFH27838AFKQV4J78W,A1A7Y1FQU7GCLD,Approved,Thu May 19 07:35:23 PDT 2022,Thu May 19 07:41:37 PDT 2022,Sun May 22 07:41:37 PDT 2022,Thu May 19 07:56:04 PDT 2022,,,374,100% (22/22),100% (22/22),100% (22/22),white,noise,,Negative,,
3GV1I4SEPJEH22PMSL2IKMBCU3OL60,398H02C4IDQI5HHO6KOZMDQW3QGEF2,Modifier/Aspect Sentiment analysis describing a set of headphones extracted from amazon reviews.,Determine if a modifier (adjective) describes an aspect (noun) in a positive or negative way.,"sentiment, text",Thu May 19 07:34:28 PDT 2022,1,BatchId:4744245;OriginalHitTemplateId:928390909;,3600,259200,Thu May 19 07:34:29 PDT 2022,,,3X31TUMD78BOI0MJCHV3EAFJCII1LF,A3S0MBPBY3XS5N,Approved,Thu May 19 07:35:40 PDT 2022,Thu May 19 07:35:49 PDT 2022,Sun May 22 07:35:49 PDT 2022,Thu May 19 07:56:03 PDT 2022,,,9,100% (1/1),100% (1/1),100% (1/1),very rigid,position,,Neutral,,
3ZXNP4Z3A1A0623RBV7AQ0B8PE8L7Z,398H02C4IDQI5HHO6KOZMDQW3QGEF2,Modifier/Aspect Sentiment analysis describing a set of headphones extracted from amazon reviews.,Determine if a modifier (adjective) describes an aspect (noun) in a positive or negative way.,"sentiment, text",Thu May 19 07:34:28 PDT 2022,1,BatchId:4744245;OriginalHitTemplateId:928390909;,3600,259200,Thu May 19 07:34:30 PDT 2022,,,37TRT2X241GJ08GBBTCF47F0U54BJ6,A9HQ3E0F2AGVO,Approved,Thu May 19 07:35:33 PDT 2022,Thu May 19 07:35:38 PDT 2022,Sun May 22 07:35:38 PDT 2022,Thu May 19 07:56:37 PDT 2022,,,5,100% (2/2),100% (2/2),100% (2/2),absolutely impractical,volume,,Very Negative,,
3YZ7A3YHSFI8NBKY7BPE42B7Q2LS55,398H02C4IDQI5HHO6KOZMDQW3QGEF2,Modifier/Aspect Sentiment analysis describing a set of headphones extracted from amazon reviews.,Determine if a modifier (adjective) describes an aspect (noun) in a positive or negative way.,"sentiment, text",Thu May 19 07:34:28 PDT 2022,1,BatchId:4744245;OriginalHitTemplateId:928390909;,3600,259200,Thu May 19 07:34:30 PDT 2022,,,32N49TQG3R7N8TBDM4Q2CK6O7AQAVV,A3LLASQH67W43L,Approved,Thu May 19 07:35:10 PDT 2022,Thu May 19 07:40:55 PDT 2022,Sun May 22 07:40:55 PDT 2022,Thu May 19 07:56:37 PDT 2022,,,345,100% (3/3),100% (3/3),100% (3/3),audio,book,,Neutral,,
3VP28W7DVX9XQKZ18FWVM7ZN2BZFZG,398H02C4IDQI5HHO6KOZMDQW3QGEF2,Modifier/Aspect Sentiment analysis describing a set of headphones extracted from amazon reviews.,Determine if a modifier (adjective) describes an aspect (noun) in a positive or negative way.,"sentiment, text",Thu May 19 07:34:28 PDT 2022,1,BatchId:4744245;OriginalHitTemplateId:928390909;,3600,259200,Thu May 19 07:34:30 PDT 2022,,,39OWYR0EPVGZ8ENQ2VZEXKL9M75FYM,A2P6PSD2CLROSO,Approved,Thu May 19 07:35:05 PDT 2022,Thu May 19 07:57:15 PDT 2022,Sun May 22 07:57:15 PDT 2022,Thu May 19 08:06:33 PDT 2022,,,1330,100% (16/16),100% (16/16),100% (16/16),unreasonably stupid,expensive,,Negative,,
3QI9WAYOH0046FKCCUZJW8P7MXWS6L,398H02C4IDQI5HHO6KOZMDQW3QGEF2,Modifier/Aspect Sentiment analysis describing a set of headphones extracted from amazon reviews.,Determine if a modifier (adjective) describes an aspect (noun) in a positive or negative way.,"sentiment, text",Thu May 19 07:34:28 PDT 2022,1,BatchId:4744245;OriginalHitTemplateId:928390909;,3600,259200,Thu May 19 07:34:30 PDT 2022,,,3EA3QWIZ4TKN1JQMTXI0S06MNXETI1,A3R9G09MWQW6OY,Approved,Thu May 19 07:34:51 PDT 2022,Thu May 19 07:42:39 PDT 2022,Sun May 22 07:42:39 PDT 2022,Thu May 19 07:56:33 PDT 2022,,,468,100% (10/10),100% (10/10),100% (10/10),extra,$,,Very Positive,,
34OWYT6U4662UKJE5P8HCGAM302I9U,398H02C4IDQI5HHO6KOZMDQW3QGEF2,Modifier/Aspect Sentiment analysis describing a set of headphones extracted from amazon reviews.,Determine if a modifier (adjective) describes an aspect (noun) in a positive or negative way.,"sentiment, text",Thu May 19 07:34:28 PDT 2022,1,BatchId:4744245;OriginalHitTemplateId:928390909;,3600,259200,Thu May 19 07:34:30 PDT 2022,,,3K4J6M3CXPI4QWLIX9RGCJ3EKV2GAC,A1A7Y1FQU7GCLD,Approved,Thu May 19 07:35:19 PDT 2022,Thu May 19 07:40:15 PDT 2022,Sun May 22 07:40:15 PDT 2022,Thu May 19 07:55:58 PDT 2022,,,296,100% (22/22),100% (22/22),100% (22/22),Best,decision,,Positive,,
3IWA71V4US5C2W6B6456VG6Z1CYX6Y,398H02C4IDQI5HHO6KOZMDQW3QGEF2,Modifier/Aspect Sentiment analysis describing a set of headphones extracted from amazon reviews.,Determine if a modifier (adjective) describes an aspect (noun) in a positive or negative way.,"sentiment, text",Thu May 19 07:34:28 PDT 2022,1,BatchId:4744245;OriginalHitTemplateId:928390909;,3600,259200,Thu May 19 07:34:31 PDT 2022,,,3OSWBBLG1PMDAPJK6TIMQ6BF8OVDX3,A1BBBSFC3ZFZ3G,Approved,Thu May 19 07:35:21 PDT 2022,Thu May 19 07:47:43 PDT 2022,Sun May 22 07:47:43 PDT 2022,Thu May 19 07:56:04 PDT 2022,,,742,100% (1/1),100% (1/1),100% (1/1),worst,decision,,Neutral,,
3FHTJGYT9XP9QGTQWQ4BDUXLTRSPG4,398H02C4IDQI5HHO6KOZMDQW3QGEF2,Modifier/Aspect Sentiment analysis describing a set of headphones extracted from amazon reviews.,Determine if a modifier (adjective) describes an aspect (noun) in a positive or negative way.,"sentiment, text",Thu May 19 07:34:28 PDT 2022,1,BatchId:4744245;OriginalHitTemplateId:928390909;,3600,259200,Thu May 19 07:34:31 PDT 2022,,,39GXDJN2O439P5IYP66OGT0THMQ8VP,A2R99OKTW7QVER,Approved,Thu May 19 07:35:24 PDT 2022,Thu May 19 07:40:10 PDT 2022,Sun May 22 07:40:10 PDT 2022,Thu May 19 07:56:02 PDT 2022,,,286,100% (15/15),100% (15/15),100% (15/15),disgusting,waste,,Negative,,
31YWE12TFA1V6WKGPEAY1U6VWNIX7X,398H02C4IDQI5HHO6KOZMDQW3QGEF2,Modifier/Aspect Sentiment analysis describing a set of headphones extracted from amazon reviews.,Determine if a modifier (adjective) describes an aspect (noun) in a positive or negative way.,"sentiment, text",Thu May 19 07:34:29 PDT 2022,1,BatchId:4744245;OriginalHitTemplateId:928390909;,3600,259200,Thu May 19 07:34:31 PDT 2022,,,3DIP6YHAPNHSNUWCUGHEGPC7HRN8EJ,A3MHLQBHJ266G,Approved,Thu May 19 07:35:10 PDT 2022,Thu May 19 07:37:29 PDT 2022,Sun May 22 07:37:29 PDT 2022,Thu May 19 07:55:57 PDT 2022,,,139,100% (18/18),100% (18/18),100% (18/18),cheap,padding,,Negative,,
32FESTC2ORF919LHBQ7MX9Z53GSUCV,398H02C4IDQI5HHO6KOZMDQW3QGEF2,Modifier/Aspect Sentiment analysis describing a set of headphones extracted from amazon reviews.,Determine if a modifier (adjective) describes an aspect (noun) in a positive or negative way.,"sentiment, text",Thu May 19 07:34:29 PDT 2022,1,BatchId:4744245;OriginalHitTemplateId:928390909;,3600,259200,Thu May 19 07:34:31 PDT 2022,,,3OVHNO1VEHQ2FKJZ7B67NRRQGOTDZ0,A2Z58PTI5RFDKK,Approved,Thu May 19 07:35:23 PDT 2022,Thu May 19 07:37:17 PDT 2022,Sun May 22 07:37:17 PDT 2022,Thu May 19 07:55:57 PDT 2022,,,114,100% (22/22),100% (22/22),100% (22/22),actually,people,,Positive,,
39KV3A5D2IWNAFYHV44B2MP3H8GS7K,398H02C4IDQI5HHO6KOZMDQW3QGEF2,Modifier/Aspect Sentiment analysis describing a set of headphones extracted from amazon reviews.,Determine if a modifier (adjective) describes an aspect (noun) in a positive or negative way.,"sentiment, text",Thu May 19 07:34:29 PDT 2022,1,BatchId:4744245;OriginalHitTemplateId:928390909;,3600,259200,Thu May 19 07:34:32 PDT 2022,,,3WEV0KO0OXH5E8XLCJCZRYUNT9TDSV,A2R99OKTW7QVER,Approved,Thu May 19 07:35:18 PDT 2022,Thu May 19 07:39:31 PDT 2022,Sun May 22 07:39:31 PDT 2022,Thu May 19 07:56:00 PDT 2022,,,253,100% (15/15),100% (15/15),100% (15/15),wires,thing,,Positive,,
3PN6H8C9SEFZRSDX5HL6HE5THDCDA2,398H02C4IDQI5HHO6KOZMDQW3QGEF2,Modifier/Aspect Sentiment analysis describing a set of headphones extracted from amazon reviews.,Determine if a modifier (adjective) describes an aspect (noun) in a positive or negative way.,"sentiment, text",Thu May 19 07:34:29 PDT 2022,1,BatchId:4744245;OriginalHitTemplateId:928390909;,3600,259200,Thu May 19 07:34:32 PDT 2022,,,3EFVCAY5LEY0YAI48HS5D5PZMZJ8J4,A2R99OKTW7QVER,Approved,Thu May 19 07:35:15 PDT 2022,Thu May 19 07:39:23 PDT 2022,Sun May 22 07:39:23 PDT 2022,Thu May 19 07:56:07 PDT 2022,,,248,100% (15/15),100% (15/15),100% (15/15),notwireless,pair,,Positive,,
3YLTXLH3EPVNQCO1GWMTYU9M8R5PH3,398H02C4IDQI5HHO6KOZMDQW3QGEF2,Modifier/Aspect Sentiment analysis describing a set of headphones extracted from amazon reviews.,Determine if a modifier (adjective) describes an aspect (noun) in a positive or negative way.,"sentiment, text",Thu May 19 07:34:29 PDT 2022,1,BatchId:4744245;OriginalHitTemplateId:928390909;,3600,259200,Thu May 19 07:34:32 PDT 2022,,,3K5TEWLKG602EBUBYSIFTIU7KIVIV7,A3MHLQBHJ266G,Approved,Thu May 19 07:35:15 PDT 2022,Thu May 19 07:37:49 PDT 2022,Sun May 22 07:37:49 PDT 2022,Thu May 19 07:56:37 PDT 2022,,,154,100% (18/18),100% (18/18),100% (18/18),perfect,,,Very Positive,,
3BO3NEOQNA6GZ3TJXVMH8BL69IKIA9,398H02C4IDQI5HHO6KOZMDQW3QGEF2,Modifier/Aspect Sentiment analysis describing a set of headphones extracted from amazon reviews.,Determine if a modifier (adjective) describes an aspect (noun) in a positive or negative way.,"sentiment, text",Thu May 19 07:34:29 PDT 2022,1,BatchId:4744245;OriginalHitTemplateId:928390909;,3600,259200,Thu May 19 07:34:33 PDT 2022,,,32ZKVD547QC8FUEM88KSO0YBY8IB3U,A3A4JW5Q9FQ1OW,Approved,Thu May 19 07:35:14 PDT 2022,Thu May 19 07:39:16 PDT 2022,Sun May 22 07:39:16 PDT 2022,Thu May 19 07:56:01 PDT 2022,,,242,100% (16/16),100% (16/16),100% (16/16),Great,sound,,Positive,,
33K3E8REX6KZ6APZZJ24FU2Q77OX8K,398H02C4IDQI5HHO6KOZMDQW3QGEF2,Modifier/Aspect Sentiment analysis describing a set of headphones extracted from amazon reviews.,Determine if a modifier (adjective) describes an aspect (noun) in a positive or negative way.,"sentiment, text",Thu May 19 07:34:29 PDT 2022,1,BatchId:4744245;OriginalHitTemplateId:928390909;,3600,259200,Thu May 19 07:34:33 PDT 2022,,,33CUSNVVNY1BETMLHDVEOFGL6OP88K,A3JATAKL89S1WV,Approved,Thu May 19 07:35:30 PDT 2022,Thu May 19 07:37:02 PDT 2022,Sun May 22 07:37:02 PDT 2022,Thu May 19 07:55:57 PDT 2022,,,92,100% (4/4),100% (4/4),100% (4/4),English,dialogue,,Very Positive,,
32L724R86V9NM7ZLME4EY6A184KPIW,398H02C4IDQI5HHO6KOZMDQW3QGEF2,Modifier/Aspect Sentiment analysis describing a set of headphones extracted from amazon reviews.,Determine if a modifier (adjective) describes an aspect (noun) in a positive or negative way.,"sentiment, text",Thu May 19 07:34:29 PDT 2022,1,BatchId:4744245;OriginalHitTemplateId:928390909;,3600,259200,Thu May 19 07:34:34 PDT 2022,,,326O153BMTN44PS3BOSU2HQ8SIKDEU,A1X37D8U3I8SM,Approved,Thu May 19 07:35:05 PDT 2022,Thu May 19 07:35:27 PDT 2022,Sun May 22 07:35:27 PDT 2022,Thu May 19 07:55:57 PDT 2022,,,22,100% (2/2),100% (2/2),100% (2/2),not disturbing,others,,Very Positive,,
3PR3LXCWTPOZKF894B8IFQX1RD6X99,398H02C4IDQI5HHO6KOZMDQW3QGEF2,Modifier/Aspect Sentiment analysis describing a set of headphones extracted from amazon reviews.,Determine if a modifier (adjective) describes an aspect (noun) in a positive or negative way.,"sentiment, text",Thu May 19 07:34:29 PDT 2022,1,BatchId:4744245;OriginalHitTemplateId:928390909;,3600,259200,Thu May 19 07:34:34 PDT 2022,,,3U4J9857OP0QGDF9AKNI1HAR3A47BV,A2F6QNK2I065OK,Approved,Thu May 19 07:35:28 PDT 2022,Thu May 19 07:35:32 PDT 2022,Sun May 22 07:35:32 PDT 2022,Thu May 19 07:56:07 PDT 2022,,,4,100% (3/3),100% (3/3),100% (3/3),Great,item,,,,
3WRAAIUSCTODPYIEWHMIBL8LXVOXAO,398H02C4IDQI5HHO6KOZMDQW3QGEF2,Modifier/Aspect Sentiment analysis describing a set of headphones extracted from amazon reviews.,Determine if a modifier (adjective) describes an aspect (noun) in a positive or negative way.,"sentiment, text",Thu May 19 07:34:29 PDT 2022,1,BatchId:4744245;OriginalHitTemplateId:928390909;,3600,259200,Thu May 19 07:34:34 PDT 2022,,,3KXIR214IF5Z9DXUPTW0XCNDI21426,A59DVED5S9N9Y,Approved,Thu May 19 07:35:24 PDT 2022,Thu May 19 07:45:30 PDT 2022,Sun May 22 07:45:30 PDT 2022,Thu May 19 07:56:36 PDT 2022,,,606,100% (5/5),100% (5/5),100% (5/5),lower,volume,,Negative,,
3R0WOCG22WYJ61RVBM2XHFHNOG4UDV,398H02C4IDQI5HHO6KOZMDQW3QGEF2,Modifier/Aspect Sentiment analysis describing a set of headphones extracted from amazon reviews.,Determine if a modifier (adjective) describes an aspect (noun) in a positive or negative way.,"sentiment, text",Thu May 19 07:34:29 PDT 2022,1,BatchId:4744245;OriginalHitTemplateId:928390909;,3600,259200,Thu May 19 07:34:34 PDT 2022,,,3Z3ZLGNNSTJVJ0GBRQHIJPTAK8J3QY,A260RVA65FR2IB,Approved,Thu May 19 07:35:12 PDT 2022,Thu May 19 07:57:43 PDT 2022,Sun May 22 07:57:43 PDT 2022,Thu May 19 08:06:32 PDT 2022,,,1351,100% (8/8),100% (8/8),100% (8/8),hard,Husband,,Negative,,
3L4YG5VWAXHXPZG9PRC87FDZ2G9DD4,398H02C4IDQI5HHO6KOZMDQW3QGEF2,Modifier/Aspect Sentiment analysis describing a set of headphones extracted from amazon reviews.,Determine if a modifier (adjective) describes an aspect (noun) in a positive or negative way.,"sentiment, text",Thu May 19 07:34:29 PDT 2022,1,BatchId:4744245;OriginalHitTemplateId:928390909;,3600,259200,Thu May 19 07:34:35 PDT 2022,,,3L0KT67Y8P58CJSC8FZD4J4OBXYYSN,A1O4RSQM7PU2QR,Approved,Thu May 19 07:35:24 PDT 2022,Thu May 19 07:35:56 PDT 2022,Sun May 22 07:35:56 PDT 2022,Thu May 19 07:56:05 PDT 2022,,,32,100% (2/2),100% (2/2),100% (2/2),little,while,,Neutral,,
3VDVA3ILJN469OAOBOTLCYFNQBMG1R,398H02C4IDQI5HHO6KOZMDQW3QGEF2,Modifier/Aspect Sentiment analysis describing a set of headphones extracted from amazon reviews.,Determine if a modifier (adjective) describes an aspect (noun) in a positive or negative way.,"sentiment, text",Thu May 19 07:34:29 PDT 2022,1,BatchId:4744245;OriginalHitTemplateId:928390909;,3600,259200,Thu May 19 07:34:35 PDT 2022,,,3NAPMVF0Z74WS0FDRRU70O7N94R72T,A1PF0W8RH1CLSB,Approved,Thu May 19 07:35:13 PDT 2022,Thu May 19 07:46:29 PDT 2022,Sun May 22 07:46:29 PDT 2022,Thu May 19 07:56:35 PDT 2022,,,676,100% (6/6),100% (6/6),100% (6/6),big,time,,Neutral,,
3CIS7GGG7F8OY75V7HDHNXZ8OS5UEO,398H02C4IDQI5HHO6KOZMDQW3QGEF2,Modifier/Aspect Sentiment analysis describing a set of headphones extracted from amazon reviews.,Determine if a modifier (adjective) describes an aspect (noun) in a positive or negative way.,"sentiment, text",Thu May 19 07:34:29 PDT 2022,1,BatchId:4744245;OriginalHitTemplateId:928390909;,3600,259200,Thu May 19 07:34:35 PDT 2022,,,3GLB5JMZF8K2O3OUHJII2KBK5YZGDE,A2R99OKTW7QVER,Approved,Thu May 19 07:35:21 PDT 2022,Thu May 19 07:39:59 PDT 2022,Sun May 22 07:39:59 PDT 2022,Thu May 19 07:56:01 PDT 2022,,,278,100% (15/15),100% (15/15),100% (15/15),less rated,distance,,Neutral,,
3HXK2V1N5U4DY9SKUSTZHHPSIH0G28,398H02C4IDQI5HHO6KOZMDQW3QGEF2,Modifier/Aspect Sentiment analysis describing a set of headphones extracted from amazon reviews.,Determine if a modifier (adjective) describes an aspect (noun) in a positive or negative way.,"sentiment, text",Thu May 19 07:34:30 PDT 2022,1,BatchId:4744245;OriginalHitTemplateId:928390909;,3600,259200,Thu May 19 07:34:35 PDT 2022,,,3EF8EXOTTCKINAYJ9WJQYV2R8TDJ1V,AS5OG2PNDHRVQ,Approved,Thu May 19 07:35:22 PDT 2022,Thu May 19 07:37:37 PDT 2022,Sun May 22 07:37:37 PDT 2022,Thu May 19 07:56:04 PDT 2022,,,135,100% (26/26),100% (26/26),100% (26/26),jazzed,wife,,Positive,,
3WYZV0QBGT2I88N62VME6WSRFD9XBJ,398H02C4IDQI5HHO6KOZMDQW3QGEF2,Modifier/Aspect Sentiment analysis describing a set of headphones extracted from amazon reviews.,Determine if a modifier (adjective) describes an aspect (noun) in a positive or negative way.,"sentiment, text",Thu May 19 07:34:30 PDT 2022,1,BatchId:4744245;OriginalHitTemplateId:928390909;,3600,259200,Thu May 19 07:34:35 PDT 2022,,,3TU5ZICBROQHKXMH37CEA61L0UB8QV,A2Z58PTI5RFDKK,Approved,Thu May 19 07:35:18 PDT 2022,Thu May 19 07:36:27 PDT 2022,Sun May 22 07:36:27 PDT 2022,Thu May 19 07:56:36 PDT 2022,,,69,100% (22/22),100% (22/22),100% (22/22),away,box,,Neutral,,
36MUZ9VAFGR2H5U9LMNSDXVK2SADEX,398H02C4IDQI5HHO6KOZMDQW3QGEF2,Modifier/Aspect Sentiment analysis describing a set of headphones extracted from amazon reviews.,Determine if a modifier (adjective) describes an aspect (noun) in a positive or negative way.,"sentiment, text",Thu May 19 07:34:30 PDT 2022,1,BatchId:4744245;OriginalHitTemplateId:928390909;,3600,259200,Thu May 19 07:34:36 PDT 2022,,,3KOPY89HMJREXDCYW0X9MOHO6DR3J7,A59DVED5S9N9Y,Approved,Thu May 19 07:35:01 PDT 2022,Thu May 19 07:45:20 PDT 2022,Sun May 22 07:45:20 PDT 2022,Thu May 19 07:55:59 PDT 2022,,,619,100% (5/5),100% (5/5),100% (5/5),long,capacity,,Neutral,,
33NKDW9FG771IDFCGVI9HGY9XY9XCQ,398H02C4IDQI5HHO6KOZMDQW3QGEF2,Modifier/Aspect Sentiment analysis describing a set of headphones extracted from amazon reviews.,Determine if a modifier (adjective) describes an aspect (noun) in a positive or negative way.,"sentiment, text",Thu May 19 07:34:30 PDT 2022,1,BatchId:4744245;OriginalHitTemplateId:928390909;,3600,259200,Thu May 19 07:34:36 PDT 2022,,,3KAKFY4PG5RI22SSEIC9AN2OTY23IV,A2FHJCRBRP7VH4,Approved,Thu May 19 07:35:00 PDT 2022,Thu May 19 07:35:20 PDT 2022,Sun May 22 07:35:20 PDT 2022,Thu May 19 07:55:58 PDT 2022,,,20,100% (1/1),100% (1/1),100% (1/1),not determinable,reason,,Neutral,,
3UEBBGULQPDG4L5R2SXN5FK80TKUF6,398H02C4IDQI5HHO6KOZMDQW3QGEF2,Modifier/Aspect Sentiment analysis describing a set of headphones extracted from amazon reviews.,Determine if a modifier (adjective) describes an aspect (noun) in a positive or negative way.,"sentiment, text",Thu May 19 07:34:30 PDT 2022,1,BatchId:4744245;OriginalHitTemplateId:928390909;,3600,259200,Thu May 19 07:34:37 PDT 2022,,,3WQQ9FUS6LJUGRKSKPFOFH6MEUAB8M,AYMJAMX7Z7YHG,Approved,Thu May 19 07:35:19 PDT 2022,Thu May 19 07:35:30 PDT 2022,Sun May 22 07:35:30 PDT 2022,Thu May 19 07:56:34 PDT 2022,,,11,100% (8/8),100% (8/8),100% (8/8),Practical,looking,,Positive,,
3B623HUYKEFRAT3059WHGMLYSSMS87,398H02C4IDQI5HHO6KOZMDQW3QGEF2,Modifier/Aspect Sentiment analysis describing a set of headphones extracted from amazon reviews.,Determine if a modifier (adjective) describes an aspect (noun) in a positive or negative way.,"sentiment, text",Thu May 19 07:34:30 PDT 2022,1,BatchId:4744245;OriginalHitTemplateId:928390909;,3600,259200,Thu May 19 07:34:37 PDT 2022,,,3MMN5BL1WAT4YLIJZXA12G95A7M3MB,A3A4JW5Q9FQ1OW,Approved,Thu May 19 07:35:08 PDT 2022,Thu May 19 07:38:53 PDT 2022,Sun May 22 07:38:53 PDT 2022,Thu May 19 07:56:01 PDT 2022,,,225,100% (16/16),100% (16/16),100% (16/16),nice,looking,,Very Positive,,
3OID399FYQWUNJU5GX7YVFGKETPDFF,398H02C4IDQI5HHO6KOZMDQW3QGEF2,Modifier/Aspect Sentiment analysis describing a set of headphones extracted from amazon reviews.,Determine if a modifier (adjective) describes an aspect (noun) in a positive or negative way.,"sentiment, text",Thu May 19 07:34:30 PDT 2022,1,BatchId:4744245;OriginalHitTemplateId:928390909;,3600,259200,Thu May 19 07:34:37 PDT 2022,,,37W3JXSD6HX1J09LSK9E1879HAUYW2,AS5OG2PNDHRVQ,Approved,Thu May 19 07:35:27 PDT 2022,Thu May 19 07:38:06 PDT 2022,Sun May 22 07:38:06 PDT 2022,Thu May 19 07:56:06 PDT 2022,,,159,100% (26/26),100% (26/26),100% (26/26),easier,operation,,Positive,,
3A3KKYU7QD6Z2ZMDJFG1ITPEIA7MW4,398H02C4IDQI5HHO6KOZMDQW3QGEF2,Modifier/Aspect Sentiment analysis describing a set of headphones extracted from amazon reviews.,Determine if a modifier (adjective) describes an aspect (noun) in a positive or negative way.,"sentiment, text",Thu May 19 07:34:30 PDT 2022,1,BatchId:4744245;OriginalHitTemplateId:928390909;,3600,259200,Thu May 19 07:34:37 PDT 2022,,,336KAV9KY1HF7KBEE0K7D1RKD3ZY2K,A1AMGHYG5PT0L2,Approved,Thu May 19 07:34:57 PDT 2022,Thu May 19 07:47:07 PDT 2022,Sun May 22 07:47:07 PDT 2022,Thu May 19 07:56:00 PDT 2022,,,730,100% (1/1),100% (1/1),100% (1/1),not larger,Controls,,Neutral,,
3BVS8WK9RAKLIDYB39MD3M5CR05IB4,398H02C4IDQI5HHO6KOZMDQW3QGEF2,Modifier/Aspect Sentiment analysis describing a set of headphones extracted from amazon reviews.,Determine if a modifier (adjective) describes an aspect (noun) in a positive or negative way.,"sentiment, text",Thu May 19 07:34:30 PDT 2022,1,BatchId:4744245;OriginalHitTemplateId:928390909;,3600,259200,Thu May 19 07:34:38 PDT 2022,,,3X66WABAJ7746BMXOUC6PBP8ELAG3G,A1UPH6XQ5RSDP7,Approved,Thu May 19 07:35:07 PDT 2022,Thu May 19 07:43:24 PDT 2022,Sun May 22 07:43:24 PDT 2022,Thu May 19 07:56:01 PDT 2022,,,497,100% (1/1),100% (1/1),100% (1/1),static,oh,,Neutral,,
3IKDQS3DROP4SIQHH9I8E6BU9L5ICB,398H02C4IDQI5HHO6KOZMDQW3QGEF2,Modifier/Aspect Sentiment analysis describing a set of headphones extracted from amazon reviews.,Determine if a modifier (adjective) describes an aspect (noun) in a positive or negative way.,"sentiment, text",Thu May 19 07:34:30 PDT 2022,1,BatchId:4744245;OriginalHitTemplateId:928390909;,3600,259200,Thu May 19 07:34:38 PDT 2022,,,3CFVK00FWWAJPMNGIN7K9660KTY6LI,A3MHLQBHJ266G,Approved,Thu May 19 07:34:54 PDT 2022,Thu May 19 07:36:16 PDT 2022,Sun May 22 07:36:16 PDT 2022,Thu May 19 07:56:04 PDT 2022,,,82,100% (18/18),100% (18/18),100% (18/18),perfect,reception,,Very Positive,,
31MCUE39CUB2JRO3YS740RUKOV0G3J,398H02C4IDQI5HHO6KOZMDQW3QGEF2,Modifier/Aspect Sentiment analysis describing a set of headphones extracted from amazon reviews.,Determine if a modifier (adjective) describes an aspect (noun) in a positive or negative way.,"sentiment, text",Thu May 19 07:34:30 PDT 2022,1,BatchId:4744245;OriginalHitTemplateId:928390909;,3600,259200,Thu May 19 07:34:38 PDT 2022,,,3VZLGYJEYWZGDQOGYB7JHYUIW64XZL,A2JP9IKRHNLRPI,Approved,Thu May 19 07:34:53 PDT 2022,Thu May 19 07:37:14 PDT 2022,Sun May 22 07:37:14 PDT 2022,Thu May 19 07:55:57 PDT 2022,,,141,100% (1/1),100% (1/1),100% (1/1),sound,quality,,Neutral,,
3DQYSJDTZV0GFBZQCMO474YCIAMXEJ,398H02C4IDQI5HHO6KOZMDQW3QGEF2,Modifier/Aspect Sentiment analysis describing a set of headphones extracted from amazon reviews.,Determine if a modifier (adjective) describes an aspect (noun) in a positive or negative way.,"sentiment, text",Thu May 19 07:34:30 PDT 2022,1,BatchId:4744245;OriginalHitTemplateId:928390909;,3600,259200,Thu May 19 07:34:38 PDT 2022,,,317HQ483IIHP66L2W1WOJ10UYFTINQ,A6SPT88FAZLY1,Approved,Thu May 19 07:35:08 PDT 2022,Thu May 19 08:15:56 PDT 2022,Sun May 22 08:15:56 PDT 2022,Thu May 19 08:48:16 PDT 2022,,,2448,100% (2/2),100% (2/2),100% (2/2),garbled,noise,,Negative,,
3K1H3NEY8VO01JQ0RHDGD0GWF8PDGE,398H02C4IDQI5HHO6KOZMDQW3QGEF2,Modifier/Aspect Sentiment analysis describing a set of headphones extracted from amazon reviews.,Determine if a modifier (adjective) describes an aspect (noun) in a positive or negative way.,"sentiment, text",Thu May 19 07:34:30 PDT 2022,1,BatchId:4744245;OriginalHitTemplateId:928390909;,3600,259200,Thu May 19 07:34:39 PDT 2022,,,3OS4RQUCRK43V6UFS3LUP9N81YNBF3,AS5OG2PNDHRVQ,Approved,Thu May 19 07:35:28 PDT 2022,Thu May 19 07:38:29 PDT 2022,Sun May 22 07:38:29 PDT 2022,Thu May 19 07:56:05 PDT 2022,,,181,100% (26/26),100% (26/26),100% (26/26),Sound,quality,,Positive,,
3NQUW096OGX4KLRKQS5U4W2EK4WL9B,398H02C4IDQI5HHO6KOZMDQW3QGEF2,Modifier/Aspect Sentiment analysis describing a set of headphones extracted from amazon reviews.,Determine if a modifier (adjective) describes an aspect (noun) in a positive or negative way.,"sentiment, text",Thu May 19 07:34:30 PDT 2022,1,BatchId:4744245;OriginalHitTemplateId:928390909;,3600,259200,Thu May 19 07:34:39 PDT 2022,,,3LEP4MGT3RP6XMGJ1XQ419KNPL7BDS,A1NMUM4BXM3A0O,Approved,Thu May 19 07:35:27 PDT 2022,Thu May 19 07:36:09 PDT 2022,Sun May 22 07:36:09 PDT 2022,Thu May 19 07:56:06 PDT 2022,,,42,100% (13/13),100% (13/13),100% (13/13),rechargeable,batteries,,Positive,,
335HHSX8DNUE1FLBBNVYY0SXU82DHD,398H02C4IDQI5HHO6KOZMDQW3QGEF2,Modifier/Aspect Sentiment analysis describing a set of headphones extracted from amazon reviews.,Determine if a modifier (adjective) describes an aspect (noun) in a positive or negative way.,"sentiment, text",Thu May 19 07:34:31 PDT 2022,1,BatchId:4744245;OriginalHitTemplateId:928390909;,3600,259200,Thu May 19 07:34:39 PDT 2022,,,3TMFV4NEPJ3M4UI3FGBK2VJ7OVRW8M,A3TNLC6XGYNDKS,Approved,Thu May 19 07:34:58 PDT 2022,Thu May 19 07:58:33 PDT 2022,Sun May 22 07:58:33 PDT 2022,Thu May 19 08:06:32 PDT 2022,,,1415,100% (1/1),100% (1/1),100% (1/1),multiple,years,,,,
3QXFBUZ40U5MIL1MDC35N0KK18KUG5,398H02C4IDQI5HHO6KOZMDQW3QGEF2,Modifier/Aspect Sentiment analysis describing a set of headphones extracted from amazon reviews.,Determine if a modifier (adjective) describes an aspect (noun) in a positive or negative way.,"sentiment, text",Thu May 19 07:34:31 PDT 2022,1,BatchId:4744245;OriginalHitTemplateId:928390909;,3600,259200,Thu May 19 07:34:40 PDT 2022,,,3L4PIM1GQ45WB4SZTQZ8E9ZSPVFYRZ,A2F6QNK2I065OK,Approved,Thu May 19 07:35:22 PDT 2022,Thu May 19 07:35:28 PDT 2022,Sun May 22 07:35:28 PDT 2022,Thu May 19 07:56:33 PDT 2022,,,6,100% (3/3),100% (3/3),100% (3/3),daily,use,,Very Positive,,
3QE4DGPGC10N1N77Y6CNAWMQ2VWG44,398H02C4IDQI5HHO6KOZMDQW3QGEF2,Modifier/Aspect Sentiment analysis describing a set of headphones extracted from amazon reviews.,Determine if a modifier (adjective) describes an aspect (noun) in a positive or negative way.,"sentiment, text",Thu May 19 07:34:31 PDT 2022,1,BatchId:4744245;OriginalHitTemplateId:928390909;,3600,259200,Thu May 19 07:34:40 PDT 2022,,,3YT88D1N0JN98XIGELXLN3H1L2R3K6,A36CMQ8MXQ4G0V,Approved,Thu May 19 07:35:06 PDT 2022,Thu May 19 07:35:23 PDT 2022,Sun May 22 07:35:23 PDT 2022,Thu May 19 07:56:33 PDT 2022,,,17,100% (10/10),100% (10/10),100% (10/10),good,quality,,Positive,,
3UXQ63NLBKBN8E6HOCJQV2X484ZLBL,398H02C4IDQI5HHO6KOZMDQW3QGEF2,Modifier/Aspect Sentiment analysis describing a set of headphones extracted from amazon reviews.,Determine if a modifier (adjective) describes an aspect (noun) in a positive or negative way.,"sentiment, text",Thu May 19 07:34:31 PDT 2022,1,BatchId:4744245;OriginalHitTemplateId:928390909;,3600,259200,Thu May 19 07:34:40 PDT 2022,,,38JBBYETQZZR4T9AIDR1ZDW2F5RE4I,AYMJAMX7Z7YHG,Approved,Thu May 19 07:35:30 PDT 2022,Thu May 19 07:35:40 PDT 2022,Sun May 22 07:35:40 PDT 2022,Thu May 19 07:56:34 PDT 2022,,,10,100% (8/8),100% (8/8),100% (8/8),great,Functionality,,Positive,,
3XD2A6FGGXJROYMAA12VGIG9CY4S9W,398H02C4IDQI5HHO6KOZMDQW3QGEF2,Modifier/Aspect Sentiment analysis describing a set of headphones extracted from amazon reviews.,Determine if a modifier (adjective) describes an aspect (noun) in a positive or negative way.,"sentiment, text",Thu May 19 07:34:31 PDT 2022,1,BatchId:4744245;OriginalHitTemplateId:928390909;,3600,259200,Thu May 19 07:34:40 PDT 2022,,,3KYQYYSHY6WQGG5S52VQ7TKMWKQDOY,A1PF0W8RH1CLSB,Approved,Thu May 19 07:35:12 PDT 2022,Thu May 19 07:46:07 PDT 2022,Sun May 22 07:46:07 PDT 2022,Thu May 19 07:56:36 PDT 2022,,,655,100% (6/6),100% (6/6),100% (6/6),great,batteries,,Very Positive,,
31MBOZ6PBYG6IJYN2CFL6M3MQPZLCS,398H02C4IDQI5HHO6KOZMDQW3QGEF2,Modifier/Aspect Sentiment analysis describing a set of headphones extracted from amazon reviews.,Determine if a modifier (adjective) describes an aspect (noun) in a positive or negative way.,"sentiment, text",Thu May 19 07:34:31 PDT 2022,1,BatchId:4744245;OriginalHitTemplateId:928390909;,3600,259200,Thu May 19 07:34:41 PDT 2022,,,3S0TNUHWK47NVOICYL6UA7UMHFM8DQ,A36Z30RJ3WE7GT,Approved,Thu May 19 07:35:18 PDT 2022,Thu May 19 07:35:30 PDT 2022,Sun May 22 07:35:30 PDT 2022,Thu May 19 07:55:57 PDT 2022,,,12,100% (2/2),100% (2/2),100% (2/2),Excellent,audio,,Positive,,
34D9ZRXCZ1J5THWF27GVCDRTIGMSAB,398H02C4IDQI5HHO6KOZMDQW3QGEF2,Modifier/Aspect Sentiment analysis describing a set of headphones extracted from amazon reviews.,Determine if a modifier (adjective) describes an aspect (noun) in a positive or negative way.,"sentiment, text",Thu May 19 07:34:31 PDT 2022,1,BatchId:4744245;OriginalHitTemplateId:928390909;,3600,259200,Thu May 19 07:34:41 PDT 2022,,,31JLPPHS25JSYO3VCDPEUKYA5713OQ,AS5OG2PNDHRVQ,Approved,Thu May 19 07:35:11 PDT 2022,Thu May 19 07:35:54 PDT 2022,Sun May 22 07:35:54 PDT 2022,Thu May 19 07:55:58 PDT 2022,,,43,100% (26/26),100% (26/26),100% (26/26),comfortable,audio,,Positive,,
391FPZIE5MB0IHWXXILN80WLG8XUH4,398H02C4IDQI5HHO6KOZMDQW3QGEF2,Modifier/Aspect Sentiment analysis describing a set of headphones extracted from amazon reviews.,Determine if a modifier (adjective) describes an aspect (noun) in a positive or negative way.,"sentiment, text",Thu May 19 07:34:31 PDT 2022,1,BatchId:4744245;OriginalHitTemplateId:928390909;,3600,259200,Thu May 19 07:34:41 PDT 2022,,,3DHE4R9OC70FLTQEKUY161KG87AG25,A1SLASX6PGAY8V,Approved,Thu May 19 07:35:06 PDT 2022,Thu May 19 07:35:54 PDT 2022,Sun May 22 07:35:54 PDT 2022,Thu May 19 07:56:00 PDT 2022,,,48,100% (3/3),100% (3/3),100% (3/3),best,investments,,Very Positive,,
3I6NF2WGJQL5X6B7CBVXFOS42RRG59,398H02C4IDQI5HHO6KOZMDQW3QGEF2,Modifier/Aspect Sentiment analysis describing a set of headphones extracted from amazon reviews.,Determine if a modifier (adjective) describes an aspect (noun) in a positive or negative way.,"sentiment, text",Thu May 19 07:34:31 PDT 2022,1,BatchId:4744245;OriginalHitTemplateId:928390909;,3600,259200,Thu May 19 07:34:41 PDT 2022,,,31Q0U3WYD04P3FXH8NUTV5XIHYD71C,A2F6QNK2I065OK,Approved,Thu May 19 07:35:12 PDT 2022,Thu May 19 07:35:22 PDT 2022,Sun May 22 07:35:22 PDT 2022,Thu May 19 07:56:04 PDT 2022,,,10,100% (3/3),100% (3/3),100% (3/3),long,time,,Positive,,
3VMHWJRYI558LPZM7X8APMJCUB1XF1,398H02C4IDQI5HHO6KOZMDQW3QGEF2,Modifier/Aspect Sentiment analysis describing a set of headphones extracted from amazon reviews.,Determine if a modifier (adjective) describes an aspect (noun) in a positive or negative way.,"sentiment, text",Thu May 19 07:34:31 PDT 2022,1,BatchId:4744245;OriginalHitTemplateId:928390909;,3600,259200,Thu May 19 07:34:42 PDT 2022,,,32M8BPYGA4BJWE4G9XJTTHRXX37GIG,A2FAA1LR6UERGL,Approved,Thu May 19 07:35:27 PDT 2022,Thu May 19 07:35:43 PDT 2022,Sun May 22 07:35:43 PDT 2022,Thu May 19 07:56:35 PDT 2022,,,16,100% (1/1),100% (1/1),100% (1/1),hearing,aids,,Negative,,
34KYK9TV31XACR178LGR7OBZ0Y7SB6,398H02C4IDQI5HHO6KOZMDQW3QGEF2,Modifier/Aspect Sentiment analysis describing a set of headphones extracted from amazon reviews.,Determine if a modifier (adjective) describes an aspect (noun) in a positive or negative way.,"sentiment, text",Thu May 19 07:34:31 PDT 2022,1,BatchId:4744245;OriginalHitTemplateId:928390909;,3600,259200,Thu May 19 07:34:42 PDT 2022,,,3C44YUNSICE81GHTK285WTPC6PMDPF,A36CMQ8MXQ4G0V,Approved,Thu May 19 07:35:12 PDT 2022,Thu May 19 07:35:50 PDT 2022,Sun May 22 07:35:50 PDT 2022,Thu May 19 07:55:58 PDT 2022,,,38,100% (10/10),100% (10/10),100% (10/10),Wonderful,product,,Very Positive,,
3Y3N5A7N5QY3R4HDYGYP3QAUTI7MY3,398H02C4IDQI5HHO6KOZMDQW3QGEF2,Modifier/Aspect Sentiment analysis describing a set of headphones extracted from amazon reviews.,Determine if a modifier (adjective) describes an aspect (noun) in a positive or negative way.,"sentiment, text",Thu May 19 07:34:31 PDT 2022,1,BatchId:4744245;OriginalHitTemplateId:928390909;,3600,259200,Thu May 19 07:34:42 PDT 2022,,,3UNH76FOC3U5EOF7OI3RSA5IJ8GYMB,A1FLTFXM10UYI5,Approved,Thu May 19 07:35:14 PDT 2022,Thu May 19 07:37:25 PDT 2022,Sun May 22 07:37:25 PDT 2022,Thu May 19 07:56:36 PDT 2022,,,131,100% (2/2),100% (2/2),100% (2/2),rechargeable,batteries,,Positive,,
3D1TUISJXSP0EC7H30388CX0GLCUIX,398H02C4IDQI5HHO6KOZMDQW3QGEF2,Modifier/Aspect Sentiment analysis describing a set of headphones extracted from amazon reviews.,Determine if a modifier (adjective) describes an aspect (noun) in a positive or negative way.,"sentiment, text",Thu May 19 07:34:31 PDT 2022,1,BatchId:4744245;OriginalHitTemplateId:928390909;,3600,259200,Thu May 19 07:34:42 PDT 2022,,,3IFS6Q0HJT8MMJD74XDAIVA0LE1IS2,A260RVA65FR2IB,Approved,Thu May 19 07:35:11 PDT 2022,Thu May 19 07:57:34 PDT 2022,Sun May 22 07:57:34 PDT 2022,Thu May 19 08:06:32 PDT 2022,,,1343,100% (8/8),100% (8/8),100% (8/8),Expensive,item,,Positive,,
375VMB7D5T8EXAWVH5DJYCTCULHDI6,398H02C4IDQI5HHO6KOZMDQW3QGEF2,Modifier/Aspect Sentiment analysis describing a set of headphones extracted from amazon reviews.,Determine if a modifier (adjective) describes an aspect (noun) in a positive or negative way.,"sentiment, text",Thu May 19 07:34:31 PDT 2022,1,BatchId:4744245;OriginalHitTemplateId:928390909;,3600,259200,Thu May 26 07:34:31 PDT 2022,,,37C0GNLMHQS0RAZO569WQTYVBKWD69,AG0SJW5KHJ0G5,Approved,Thu May 19 07:34:55 PDT 2022,Thu May 19 07:35:03 PDT 2022,Sun May 22 07:35:03 PDT 2022,Thu May 19 07:55:59 PDT 2022,,,8,100% (1/1),100% (1/1),100% (1/1),long,range,,Neutral,,
3GONHBMNI5N3WURIU208HXJWZCBMZU,398H02C4IDQI5HHO6KOZMDQW3QGEF2,Modifier/Aspect Sentiment analysis describing a set of headphones extracted from amazon reviews.,Determine if a modifier (adjective) describes an aspect (noun) in a positive or negative way.,"sentiment, text",Thu May 19 07:34:31 PDT 2022,1,BatchId:4744245;OriginalHitTemplateId:928390909;,3600,259200,Thu May 19 07:34:43 PDT 2022,,,34J10VATJQNA93YUCTO5NVVZ3QGIQD,ASQJ6C3QJRLBH,Approved,Thu May 19 07:35:15 PDT 2022,Thu May 19 07:36:48 PDT 2022,Sun May 22 07:36:48 PDT 2022,Thu May 19 07:56:03 PDT 2022,,,93,100% (3/3),100% (3/3),100% (3/3),wireless,capacity,,Positive,,
3Q7TKIAPP3ZGNB4128AWQSL4BPBLDS,398H02C4IDQI5HHO6KOZMDQW3QGEF2,Modifier/Aspect Sentiment analysis describing a set of headphones extracted from amazon reviews.,Determine if a modifier (adjective) describes an aspect (noun) in a positive or negative way.,"sentiment, text",Thu May 19 07:34:32 PDT 2022,1,BatchId:4744245;OriginalHitTemplateId:928390909;,3600,259200,Thu May 19 07:34:44 PDT 2022,,,30ZX6P7VFJKPCVGFS0J43ECW0ZRJ2C,A1A7Y1FQU7GCLD,Approved,Thu May 19 07:35:31 PDT 2022,Thu May 19 07:42:43 PDT 2022,Sun May 22 07:42:43 PDT 2022,Thu May 19 07:56:07 PDT 2022,,,432,100% (22/22),100% (22/22),100% (22/22),clear,quality,,Very Positive,,
3G4VVJO6Q95ES2P9MHPQBMPE089PK7,398H02C4IDQI5HHO6KOZMDQW3QGEF2,Modifier/Aspect Sentiment analysis describing a set of headphones extracted from amazon reviews.,Determine if a modifier (adjective) describes an aspect (noun) in a positive or negative way.,"sentiment, text",Thu May 19 07:34:32 PDT 2022,1,BatchId:4744245;OriginalHitTemplateId:928390909;,3600,259200,Thu May 19 07:34:44 PDT 2022,,,39U1BHVTDWG8BG838UBDOU4X4FI3TC,AS5OG2PNDHRVQ,Approved,Thu May 19 07:35:15 PDT 2022,Thu May 19 07:37:49 PDT 2022,Sun May 22 07:37:49 PDT 2022,Thu May 19 07:56:03 PDT 2022,,,154,100% (26/26),100% (26/26),100% (26/26),comfy,headphones,,Neutral,,
3LN50BUKQ50PC87R7H1RQM2TP8EPLA,398H02C4IDQI5HHO6KOZMDQW3QGEF2,Modifier/Aspect Sentiment analysis describing a set of headphones extracted from amazon reviews.,Determine if a modifier (adjective) describes an aspect (noun) in a positive or negative way.,"sentiment, text",Thu May 19 07:34:32 PDT 2022,1,BatchId:4744245;OriginalHitTemplateId:928390909;,3600,259200,Thu May 19 07:34:44 PDT 2022,,,3TMFV4NEPJ3M4UI3FGBK2VJ7OVS8WZ,A1UJYSF3WWTNCE,Approved,Thu May 19 07:35:27 PDT 2022,Thu May 19 07:35:50 PDT 2022,Sun May 22 07:35:50 PDT 2022,Thu May 19 07:56:05 PDT 2022,,,23,100% (1/1),100% (1/1),100% (1/1),diggity,headphones,,Neutral,,
3AJA9FLWTMNBVUAR8B89MCWX6YXIFM,398H02C4IDQI5HHO6KOZMDQW3QGEF2,Modifier/Aspect Sentiment analysis describing a set of headphones extracted from amazon reviews.,Determine if a modifier (adjective) describes an aspect (noun) in a positive or negative way.,"sentiment, text",Thu May 19 07:34:32 PDT 2022,1,BatchId:4744245;OriginalHitTemplateId:928390909;,3600,259200,Thu May 19 07:34:44 PDT 2022,,,3VELCLL3GV82I8CNQ6S5JXAZFMW1FA,A3R9G09MWQW6OY,Approved,Thu May 19 07:35:19 PDT 2022,Thu May 19 07:44:18 PDT 2022,Sun May 22 07:44:18 PDT 2022,Thu May 19 07:56:00 PDT 2022,,,539,100% (10/10),100% (10/10),100% (10/10),late,TV,,Positive,,
3VCK0Q0PPF3CCR6S292GOD5AMV2N03,398H02C4IDQI5HHO6KOZMDQW3QGEF2,Modifier/Aspect Sentiment analysis describing a set of headphones extracted from amazon reviews.,Determine if a modifier (adjective) describes an aspect (noun) in a positive or negative way.,"sentiment, text",Thu May 19 07:34:32 PDT 2022,1,BatchId:4744245;OriginalHitTemplateId:928390909;,3600,259200,Thu May 19 07:34:45 PDT 2022,,,3TE22NPXPM19CRCHT7FOQRKB2GX442,A1A7Y1FQU7GCLD,Approved,Thu May 19 07:35:26 PDT 2022,Thu May 19 07:41:52 PDT 2022,Sun May 22 07:41:52 PDT 2022,Thu May 19 07:56:35 PDT 2022,,,386,100% (22/22),100% (22/22),100% (22/22),great,charge,,Very Positive,,
362E9TQF3RFH9U6MJVER4XW97DXIGL,398H02C4IDQI5HHO6KOZMDQW3QGEF2,Modifier/Aspect Sentiment analysis describing a set of headphones extracted from amazon reviews.,Determine if a modifier (adjective) describes an aspect (noun) in a positive or negative way.,"sentiment, text",Thu May 19 07:34:32 PDT 2022,1,BatchId:4744245;OriginalHitTemplateId:928390909;,3600,259200,Thu May 19 07:34:45 PDT 2022,,,3180JW2OTF1HBSZ2AJL21LF8K9IJ5D,A3A4JW5Q9FQ1OW,Approved,Thu May 19 07:35:25 PDT 2022,Thu May 19 07:39:38 PDT 2022,Sun May 22 07:39:38 PDT 2022,Thu May 19 07:55:59 PDT 2022,,,253,100% (16/16),100% (16/16),100% (16/16),sound,quality,,Very Positive,,
3TRB893CTTZKKAPQ04AUD860TXMG7O,398H02C4IDQI5HHO6KOZMDQW3QGEF2,Modifier/Aspect Sentiment analysis describing a set of headphones extracted from amazon reviews.,Determine if a modifier (adjective) describes an aspect (noun) in a positive or negative way.,"sentiment, text",Thu May 19 07:34:32 PDT 2022,1,BatchId:4744245;OriginalHitTemplateId:928390909;,3600,259200,Thu May 19 07:34:45 PDT 2022,,,3M68NM076SWUSKITN74GVIFZQLN6R8,A2B3VXX6G3GERF,Approved,Thu May 19 07:35:04 PDT 2022,Thu May 19 07:35:33 PDT 2022,Sun May 22 07:35:33 PDT 2022,Thu May 19 07:56:34 PDT 2022,,,29,100% (16/16),100% (16/16),100% (16/16),crisp,highs,,Neutral,,
3R5LWXWHSAXEZPVHIHES77JOVQ1XG0,398H02C4IDQI5HHO6KOZMDQW3QGEF2,Modifier/Aspect Sentiment analysis describing a set of headphones extracted from amazon reviews.,Determine if a modifier (adjective) describes an aspect (noun) in a positive or negative way.,"sentiment, text",Thu May 19 07:34:32 PDT 2022,1,BatchId:4744245;OriginalHitTemplateId:928390909;,3600,259200,Thu May 19 07:34:45 PDT 2022,,,3OS46CRSLQOMLRZAWR9QWF42BR06V1,A14FCJ9V19KSML,Approved,Thu May 19 07:35:07 PDT 2022,Thu May 19 08:08:35 PDT 2022,Sun May 22 08:08:35 PDT 2022,Thu May 19 08:09:59 PDT 2022,,,2008,100% (3/3),100% (3/3),100% (3/3),rumbling,lows,,Neutral,,
3A9LA2FRX23SZLQS2NWAS7VPAQEXHZ,398H02C4IDQI5HHO6KOZMDQW3QGEF2,Modifier/Aspect Sentiment analysis describing a set of headphones extracted from amazon reviews.,Determine if a modifier (adjective) describes an aspect (noun) in a positive or negative way.,"sentiment, text",Thu May 19 07:34:32 PDT 2022,1,BatchId:4744245;OriginalHitTemplateId:928390909;,3600,259200,Thu May 19 07:34:46 PDT 2022,,,3MTMREQS4670NIBICEVYYMP2EJSAW5,A3A4JW5Q9FQ1OW,Approved,Thu May 19 07:35:10 PDT 2022,Thu May 19 07:39:05 PDT 2022,Sun May 22 07:39:05 PDT 2022,Thu May 19 07:56:00 PDT 2022,,,235,100% (16/16),100% (16/16),100% (16/16),comfortable,listening,,Positive,,
3UY4PIS8R1ACJGRAYS6G2IOKRN8N16,398H02C4IDQI5HHO6KOZMDQW3QGEF2,Modifier/Aspect Sentiment analysis describing a set of headphones extracted from amazon reviews.,Determine if a modifier (adjective) describes an aspect (noun) in a positive or negative way.,"sentiment, text",Thu May 19 07:34:32 PDT 2022,1,BatchId:4744245;OriginalHitTemplateId:928390909;,3600,259200,Thu May 19 07:34:46 PDT 2022,,,3JPSL1DZ53OA0O24KD4B23CBL7OANE,A2P6PSD2CLROSO,Approved,Thu May 19 07:35:00 PDT 2022,Thu May 19 07:57:04 PDT 2022,Sun May 22 07:57:04 PDT 2022,Thu May 19 08:06:32 PDT 2022,,,1324,100% (16/16),100% (16/16),100% (16/16),n't as uniformly,band,,Positive,,
3GITHABAD8AJ8196HW6U71YPJTMN2N,398H02C4IDQI5HHO6KOZMDQW3QGEF2,Modifier/Aspect Sentiment analysis describing a set of headphones extracted from amazon reviews.,Determine if a modifier (adjective) describes an aspect (noun) in a positive or negative way.,"sentiment, text",Thu May 19 07:34:32 PDT 2022,1,BatchId:4744245;OriginalHitTemplateId:928390909;,3600,259200,Thu May 19 07:34:46 PDT 2022,,,3FPRZHYEP9WNO8CSDPBSPCSI10Y3VS,AS5OG2PNDHRVQ,Approved,Thu May 19 07:35:18 PDT 2022,Thu May 19 07:37:29 PDT 2022,Sun May 22 07:37:29 PDT 2022,Thu May 19 07:56:03 PDT 2022,,,131,100% (26/26),100% (26/26),100% (26/26),rooms,quality,,Positive,,
34XASH8KM0B9IQPC7T26QZHIPD4PMC,398H02C4IDQI5HHO6KOZMDQW3QGEF2,Modifier/Aspect Sentiment analysis describing a set of headphones extracted from amazon reviews.,Determine if a modifier (adjective) describes an aspect (noun) in a positive or negative way.,"sentiment, text",Thu May 19 07:34:32 PDT 2022,1,BatchId:4744245;OriginalHitTemplateId:928390909;,3600,259200,Thu May 19 07:34:47 PDT 2022,,,324G5B4FBEXPWQCZC4QTH0E8C67709,A35DATA0SA1TME,Approved,Thu May 19 07:35:10 PDT 2022,Thu May 19 07:41:23 PDT 2022,Sun May 22 07:41:23 PDT 2022,Thu May 19 07:55:58 PDT 2022,,,373,100% (1/1),100% (1/1),100% (1/1),related,something,,Positive,,
30U1YOGZHKL3ROZRMH7X2EZZ3JJSDD,398H02C4IDQI5HHO6KOZMDQW3QGEF2,Modifier/Aspect Sentiment analysis describing a set of headphones extracted from amazon reviews.,Determine if a modifier (adjective) describes an aspect (noun) in a positive or negative way.,"sentiment, text",Thu May 19 07:34:32 PDT 2022,1,BatchId:4744245;OriginalHitTemplateId:928390909;,3600,259200,Thu May 19 07:34:47 PDT 2022,,,3KB8R4ZV1PW996QA3NRC7UNK2DNBG2,A1A7Y1FQU7GCLD,Approved,Thu May 19 07:35:29 PDT 2022,Thu May 19 07:42:31 PDT 2022,Sun May 22 07:42:31 PDT 2022,Thu May 19 07:55:56 PDT 2022,,,422,100% (22/22),100% (22/22),100% (22/22),static,listening,,Neutral,,
3LCXHSGDM3V8JUDRICIH8WHK3VKSE6,398H02C4IDQI5HHO6KOZMDQW3QGEF2,Modifier/Aspect Sentiment analysis describing a set of headphones extracted from amazon reviews.,Determine if a modifier (adjective) describes an aspect (noun) in a positive or negative way.,"sentiment, text",Thu May 19 07:34:32 PDT 2022,1,BatchId:4744245;OriginalHitTemplateId:928390909;,3600,259200,Thu May 19 07:34:47 PDT 2022,,,3E13VNJ1NYKMSZEDREYQMUNRVEO1I1,A1A7Y1FQU7GCLD,Approved,Thu May 19 07:35:24 PDT 2022,Thu May 19 07:41:47 PDT 2022,Sun May 22 07:41:47 PDT 2022,Thu May 19 07:56:05 PDT 2022,,,383,100% (22/22),100% (22/22),100% (22/22),free,listening,,Positive,,
3P6ENY9P8JLV9Q1X31W9PX8AMDAIHK,398H02C4IDQI5HHO6KOZMDQW3QGEF2,Modifier/Aspect Sentiment analysis describing a set of headphones extracted from amazon reviews.,Determine if a modifier (adjective) describes an aspect (noun) in a positive or negative way.,"sentiment, text",Thu May 19 07:34:32 PDT 2022,1,BatchId:4744245;OriginalHitTemplateId:928390909;,3600,259200,Thu May 19 07:34:47 PDT 2022,,,3VNL7UK1XQ83RSOWSPCFP3TU75NFTX,A3MHLQBHJ266G,Approved,Thu May 19 07:34:59 PDT 2022,Thu May 19 07:36:42 PDT 2022,Sun May 22 07:36:42 PDT 2022,Thu May 19 07:56:06 PDT 2022,,,103,100% (18/18),100% (18/18),100% (18/18),slight,crackle,,Neutral,,
3T6SSHJU0PZV5LCH9JEUP99PMQPIID,398H02C4IDQI5HHO6KOZMDQW3QGEF2,Modifier/Aspect Sentiment analysis describing a set of headphones extracted from amazon reviews.,Determine if a modifier (adjective) describes an aspect (noun) in a positive or negative way.,"sentiment, text",Thu May 19 07:34:32 PDT 2022,1,BatchId:4744245;OriginalHitTemplateId:928390909;,3600,259200,Thu May 19 07:34:48 PDT 2022,,,3HMIGG0U4WVQTZD3UHT8NS4NZ3S8YY,AS5OG2PNDHRVQ,Approved,Thu May 19 07:35:29 PDT 2022,Thu May 19 07:38:32 PDT 2022,Sun May 22 07:38:32 PDT 2022,Thu May 19 07:56:34 PDT 2022,,,183,100% (26/26),100% (26/26),100% (26/26),great,charger,,Very Positive,,
3E9ZFLPWP8HSVG1C85EVSJW4A3TXIS,398H02C4IDQI5HHO6KOZMDQW3QGEF2,Modifier/Aspect Sentiment analysis describing a set of headphones extracted from amazon reviews.,Determine if a modifier (adjective) describes an aspect (noun) in a positive or negative way.,"sentiment, text",Thu May 19 07:34:33 PDT 2022,1,BatchId:4744245;OriginalHitTemplateId:928390909;,3600,259200,Thu May 19 07:34:48 PDT 2022,,,3D4CH1LGELIQLDBD53DGGOSUEDKG9X,A2Z58PTI5RFDKK,Approved,Thu May 19 07:35:17 PDT 2022,Thu May 19 07:36:14 PDT 2022,Sun May 22 07:36:14 PDT 2022,Thu May 19 07:56:02 PDT 2022,,,57,100% (22/22),100% (22/22),100% (22/22),not unfair,review,,Neutral,,
307L9TDWK8H8TJ5PLWKZQB3HP7MN3Y,398H02C4IDQI5HHO6KOZMDQW3QGEF2,Modifier/Aspect Sentiment analysis describing a set of headphones extracted from amazon reviews.,Determine if a modifier (adjective) describes an aspect (noun) in a positive or negative way.,"sentiment, text",Thu May 19 07:34:33 PDT 2022,1,BatchId:4744245;OriginalHitTemplateId:928390909;,3600,259200,Thu May 19 07:34:48 PDT 2022,,,36AHBNMV1212AU9UBP4O9KIOAUPDY9,AS5OG2PNDHRVQ,Approved,Thu May 19 07:35:23 PDT 2022,Thu May 19 07:37:42 PDT 2022,Sun May 22 07:37:42 PDT 2022,Thu May 19 07:55:56 PDT 2022,,,139,100% (26/26),100% (26/26),100% (26/26),comfortable,headset,,Neutral,,
3E22YV8GHBVF08ACJUH63E6IU3EPNC,398H02C4IDQI5HHO6KOZMDQW3QGEF2,Modifier/Aspect Sentiment analysis describing a set of headphones extracted from amazon reviews.,Determine if a modifier (adjective) describes an aspect (noun) in a positive or negative way.,"sentiment, text",Thu May 19 07:34:33 PDT 2022,1,BatchId:4744245;OriginalHitTemplateId:928390909;,3600,259200,Thu May 26 07:34:33 PDT 2022,,,3QY5DC2MX29IR53LSU2PUZFWQJUFUO,A3VEF4M5FIN7KH,Approved,Thu May 19 07:35:00 PDT 2022,Thu May 19 07:35:13 PDT 2022,Sun May 22 07:35:13 PDT 2022,Thu May 19 07:56:02 PDT 2022,,,13,100% (1/1),100% (1/1),100% (1/1),poor,quality,,Very Negative,,
3RKHNXPHH6LRK7X533OKLSCD8P1UK8,398H02C4IDQI5HHO6KOZMDQW3QGEF2,Modifier/Aspect Sentiment analysis describing a set of headphones extracted from amazon reviews.,Determine if a modifier (adjective) describes an aspect (noun) in a positive or negative way.,"sentiment, text",Thu May 19 07:34:33 PDT 2022,1,BatchId:4744245;OriginalHitTemplateId:928390909;,3600,259200,Thu May 19 07:34:48 PDT 2022,,,3YDGXNSEOAJAVSZJ5A51730G42T84D,A3EDVGLEXLUE5,Approved,Thu May 19 07:34:54 PDT 2022,Thu May 19 07:36:14 PDT 2022,Sun May 22 07:36:14 PDT 2022,Thu May 19 07:56:33 PDT 2022,,,80,100% (4/4),100% (4/4),100% (4/4),wonderful,headphones,,Very Positive,,
37J05LC5B78ASLG1ZNYJAD8C706DJI,398H02C4IDQI5HHO6KOZMDQW3QGEF2,Modifier/Aspect Sentiment analysis describing a set of headphones extracted from amazon reviews.,Determine if a modifier (adjective) describes an aspect (noun) in a positive or negative way.,"sentiment, text",Thu May 19 07:34:33 PDT 2022,1,BatchId:4744245;OriginalHitTemplateId:928390909;,3600,259200,Thu May 19 07:34:48 PDT 2022,,,3TR2532VI0JDUWZGF2V7TRT8G4TJ6T,A1X37D8U3I8SM,Approved,Thu May 19 07:35:28 PDT 2022,Thu May 19 07:35:39 PDT 2022,Sun May 22 07:35:39 PDT 2022,Thu May 19 07:55:59 PDT 2022,,,11,100% (2/2),100% (2/2),100% (2/2),different,channels,,Positive,,
3PZDSVZ3KF6TBFOTLAPI0GVN37IN4J,398H02C4IDQI5HHO6KOZMDQW3QGEF2,Modifier/Aspect Sentiment analysis describing a set of headphones extracted from amazon reviews.,Determine if a modifier (adjective) describes an aspect (noun) in a positive or negative way.,"sentiment, text",Thu May 19 07:34:33 PDT 2022,1,BatchId:4744245;OriginalHitTemplateId:928390909;,3600,259200,Thu May 19 07:34:49 PDT 2022,,,3ZV9H2YQQOW03XCX3ZGOBEBW8903W2,A2Z58PTI5RFDKK,Approved,Thu May 19 07:35:19 PDT 2022,Thu May 19 07:36:36 PDT 2022,Sun May 22 07:36:36 PDT 2022,Thu May 19 07:56:07 PDT 2022,,,77,100% (22/22),100% (22/22),100% (22/22),long,time,,Neutral,,
3VDI8GSXBPIOKOU9A920R82V4HSG8B,398H02C4IDQI5HHO6KOZMDQW3QGEF2,Modifier/Aspect Sentiment analysis describing a set of headphones extracted from amazon reviews.,Determine if a modifier (adjective) describes an aspect (noun) in a positive or negative way.,"sentiment, text",Thu May 19 07:34:33 PDT 2022,1,BatchId:4744245;OriginalHitTemplateId:928390909;,3600,259200,Thu May 26 07:34:33 PDT 2022,,,3NKQQ8O399ULTLPP1O7Z6ZCBE6EDUB,A3HWV36FLA06FW,Approved,Thu May 19 07:35:22 PDT 2022,Thu May 19 07:35:32 PDT 2022,Sun May 22 07:35:32 PDT 2022,Thu May 19 07:56:35 PDT 2022,,,10,100% (2/2),100% (2/2),100% (2/2),great,quality,,Positive,,
3HRWUH63R4RB7YSTZF8S581133DN5O,398H02C4IDQI5HHO6KOZMDQW3QGEF2,Modifier/Aspect Sentiment analysis describing a set of headphones extracted from amazon reviews.,Determine if a modifier (adjective) describes an aspect (noun) in a positive or negative way.,"sentiment, text",Thu May 19 07:34:33 PDT 2022,1,BatchId:4744245;OriginalHitTemplateId:928390909;,3600,259200,Thu May 19 07:34:49 PDT 2022,,,3IXQG4FA24NUUW32PHL2FD1XY0SB9B,A1A7Y1FQU7GCLD,Approved,Thu May 19 07:35:30 PDT 2022,Thu May 19 07:42:37 PDT 2022,Sun May 22 07:42:37 PDT 2022,Thu May 19 07:56:04 PDT 2022,,,427,100% (22/22),100% (22/22),100% (22/22),loud,husband,,Negative,,
3W3RSPVVH2G24DFNO30L0SPSXP6ULB,398H02C4IDQI5HHO6KOZMDQW3QGEF2,Modifier/Aspect Sentiment analysis describing a set of headphones extracted from amazon reviews.,Determine if a modifier (adjective) describes an aspect (noun) in a positive or negative way.,"sentiment, text",Thu May 19 07:34:33 PDT 2022,1,BatchId:4744245;OriginalHitTemplateId:928390909;,3600,259200,Thu May 19 07:34:49 PDT 2022,,,30BUDKLTXOK90CDAWIAB452GF1ME5N,A2SWJ4HUKIWY7W,Approved,Thu May 19 07:35:51 PDT 2022,Thu May 19 07:36:53 PDT 2022,Sun May 22 07:36:53 PDT 2022,Thu May 19 07:56:36 PDT 2022,,,62,100% (1/1),100% (1/1),100% (1/1),comfortable,volumes,,Neutral,,
3P4C70TRN16JZVES4YB4WDO1OHRLG2,398H02C4IDQI5HHO6KOZMDQW3QGEF2,Modifier/Aspect Sentiment analysis describing a set of headphones extracted from amazon reviews.,Determine if a modifier (adjective) describes an aspect (noun) in a positive or negative way.,"sentiment, text",Thu May 19 07:34:33 PDT 2022,1,BatchId:4744245;OriginalHitTemplateId:928390909;,3600,259200,Thu May 19 07:34:50 PDT 2022,,,3R08VXYT7NKI4GDK5BJEOVNCDBLW7Z,A3GMO3ZK73LZ1W,Approved,Thu May 19 07:34:56 PDT 2022,Thu May 19 07:37:13 PDT 2022,Sun May 22 07:37:13 PDT 2022,Thu May 19 07:56:06 PDT 2022,,,137,100% (1/1),100% (1/1),100% (1/1),Great,headphones,,Positive,,
3TKXBROM63ZR0WWNR1ZU1AOPZ5EIJP,398H02C4IDQI5HHO6KOZMDQW3QGEF2,Modifier/Aspect Sentiment analysis describing a set of headphones extracted from amazon reviews.,Determine if a modifier (adjective) describes an aspect (noun) in a positive or negative way.,"sentiment, text",Thu May 19 07:34:33 PDT 2022,1,BatchId:4744245;OriginalHitTemplateId:928390909;,3600,259200,Thu May 19 07:34:50 PDT 2022,,,3B2X28YI3747CD14RAIQV3AV8ZKB60,AS5OG2PNDHRVQ,Approved,Thu May 19 07:35:16 PDT 2022,Thu May 19 07:37:19 PDT 2022,Sun May 22 07:37:19 PDT 2022,Thu May 19 07:56:34 PDT 2022,,,123,100% (26/26),100% (26/26),100% (26/26),clear,sound,,Positive,,
3HKIF5DF78MOYTDJF18ER4X6ONAG90,398H02C4IDQI5HHO6KOZMDQW3QGEF2,Modifier/Aspect Sentiment analysis describing a set of headphones extracted from amazon reviews.,Determine if a modifier (adjective) describes an aspect (noun) in a positive or negative way.,"sentiment, text",Thu May 19 07:34:33 PDT 2022,1,BatchId:4744245;OriginalHitTemplateId:928390909;,3600,259200,Thu May 26 07:34:33 PDT 2022,,,3WJEQKOXAJR7MHVFFQ6D5WZ8I6J1AX,A1TYQG653YL7M8,Approved,Thu May 19 07:35:15 PDT 2022,Thu May 19 07:35:37 PDT 2022,Sun May 22 07:35:37 PDT 2022,Thu May 19 07:56:04 PDT 2022,,,22,100% (31/31),100% (31/31),100% (31/31),Great,quality,,Neutral,,
39AYGO6AGP97Q2S74YIXXEF1ZYON64,398H02C4IDQI5HHO6KOZMDQW3QGEF2,Modifier/Aspect Sentiment analysis describing a set of headphones extracted from amazon reviews.,Determine if a modifier (adjective) describes an aspect (noun) in a positive or negative way.,"sentiment, text",Thu May 19 07:34:33 PDT 2022,1,BatchId:4744245;OriginalHitTemplateId:928390909;,3600,259200,Thu May 19 07:34:50 PDT 2022,,,35USIKEBN259DMQ1U0NZMYAPPOY6NK,A3LLASQH67W43L,Approved,Thu May 19 07:34:59 PDT 2022,Thu May 19 07:40:43 PDT 2022,Sun May 22 07:40:43 PDT 2022,Thu May 19 07:56:00 PDT 2022,,,344,100% (3/3),100% (3/3),100% (3/3),clear,dialogue,,Very Positive,,
3LOJFQ4BP74535MJH8YVBS8PMP6DKH,398H02C4IDQI5HHO6KOZMDQW3QGEF2,Modifier/Aspect Sentiment analysis describing a set of headphones extracted from amazon reviews.,Determine if a modifier (adjective) describes an aspect (noun) in a positive or negative way.,"sentiment, text",Thu May 19 07:34:33 PDT 2022,1,BatchId:4744245;OriginalHitTemplateId:928390909;,3600,259200,Thu May 19 07:34:51 PDT 2022,,,3PJ71Z61RFRTHYLANKSD91OOCO119I,A3MHLQBHJ266G,Approved,Thu May 19 07:35:14 PDT 2022,Thu May 19 07:37:38 PDT 2022,Sun May 22 07:37:38 PDT 2022,Thu May 19 07:56:05 PDT 2022,,,144,100% (18/18),100% (18/18),100% (18/18),best,thing,,Very Positive,,
3JU8CV4BSV1XITAOK9HJI36NKDJPOR,398H02C4IDQI5HHO6KOZMDQW3QGEF2,Modifier/Aspect Sentiment analysis describing a set of headphones extracted from amazon reviews.,Determine if a modifier (adjective) describes an aspect (noun) in a positive or negative way.,"sentiment, text",Thu May 19 07:34:33 PDT 2022,1,BatchId:4744245;OriginalHitTemplateId:928390909;,3600,259200,Thu May 19 07:34:51 PDT 2022,,,3Z2R0DQ0JS3H1FUNEZ8D6YZ4VRVE2M,A2P6PSD2CLROSO,Approved,Thu May 19 07:35:25 PDT 2022,Thu May 19 07:57:53 PDT 2022,Sun May 22 07:57:53 PDT 2022,Thu May 19 08:06:32 PDT 2022,,,1348,100% (16/16),100% (16/16),100% (16/16),Sound,signal,,Positive,,
37PGLWGSK3VMBG259MZ62PO2EUEIKO,398H02C4IDQI5HHO6KOZMDQW3QGEF2,Modifier/Aspect Sentiment analysis describing a set of headphones extracted from amazon reviews.,Determine if a modifier (adjective) describes an aspect (noun) in a positive or negative way.,"sentiment, text",Thu May 19 07:34:34 PDT 2022,1,BatchId:4744245;OriginalHitTemplateId:928390909;,3600,259200,Thu May 19 07:34:52 PDT 2022,,,3EA3QWIZ4TKN1JQMTXI0S06MNXFITR,A2R99OKTW7QVER,Approved,Thu May 19 07:35:12 PDT 2022,Thu May 19 07:38:03 PDT 2022,Sun May 22 07:38:03 PDT 2022,Thu May 19 07:55:59 PDT 2022,,,171,100% (15/15),100% (15/15),100% (15/15),bad,hiss,,Negative,,
3OKP4QVBQCM23CNO77MENZ8QU5SGAF,398H02C4IDQI5HHO6KOZMDQW3QGEF2,Modifier/Aspect Sentiment analysis describing a set of headphones extracted from amazon reviews.,Determine if a modifier (adjective) describes an aspect (noun) in a positive or negative way.,"sentiment, text",Thu May 19 07:34:34 PDT 2022,1,BatchId:4744245;OriginalHitTemplateId:928390909;,3600,259200,Thu May 19 07:34:52 PDT 2022,,,37U1UTWH96BHWY1HGM1EFWBQWGD8RW,A2Z58PTI5RFDKK,Approved,Thu May 19 07:35:20 PDT 2022,Thu May 19 07:36:48 PDT 2022,Sun May 22 07:36:48 PDT 2022,Thu May 19 07:56:06 PDT 2022,,,88,100% (22/22),100% (22/22),100% (22/22),direct,lime,,Positive,,
3EN4YVUOVMHOQRLIQNZV4KB4NIIXJ4,398H02C4IDQI5HHO6KOZMDQW3QGEF2,Modifier/Aspect Sentiment analysis describing a set of headphones extracted from amazon reviews.,Determine if a modifier (adjective) describes an aspect (noun) in a positive or negative way.,"sentiment, text",Thu May 19 07:34:34 PDT 2022,1,BatchId:4744245;OriginalHitTemplateId:928390909;,3600,259200,Thu May 19 07:34:52 PDT 2022,,,3VP0C6EFSRL3V451IZ8Z9JLPKYO6MK,A3EDVGLEXLUE5,Approved,Thu May 19 07:34:59 PDT 2022,Thu May 19 07:36:34 PDT 2022,Sun May 22 07:36:34 PDT 2022,Thu May 19 07:56:02 PDT 2022,,,95,100% (4/4),100% (4/4),100% (4/4),regular,audio,,Neutral,,
3B0MCRZMC1JF3TMPZ9UY73BDUIFPP8,398H02C4IDQI5HHO6KOZMDQW3QGEF2,Modifier/Aspect Sentiment analysis describing a set of headphones extracted from amazon reviews.,Determine if a modifier (adjective) describes an aspect (noun) in a positive or negative way.,"sentiment, text",Thu May 19 07:34:34 PDT 2022,1,BatchId:4744245;OriginalHitTemplateId:928390909;,3600,259200,Thu May 26 07:34:34 PDT 2022,,,3PJUZCGDJH5BSY5VM51SOBBWQU7899,A1SJD2ZDED6225,Approved,Thu May 19 07:35:15 PDT 2022,Thu May 19 07:35:29 PDT 2022,Sun May 22 07:35:29 PDT 2022,Thu May 19 07:56:01 PDT 2022,,,14,100% (1/1),100% (1/1),100% (1/1),very easily,signal,,Positive,,
3SSN80MU9MDJ1BR088Z75ZBH27IXK3,398H02C4IDQI5HHO6KOZMDQW3QGEF2,Modifier/Aspect Sentiment analysis describing a set of headphones extracted from amazon reviews.,Determine if a modifier (adjective) describes an aspect (noun) in a positive or negative way.,"sentiment, text",Thu May 19 07:34:34 PDT 2022,1,BatchId:4744245;OriginalHitTemplateId:928390909;,3600,259200,Thu May 19 07:34:53 PDT 2022,,,3R0T90IZ131SJBIGHNN7IET2KYNGCE,A2Z58PTI5RFDKK,Approved,Thu May 19 07:35:21 PDT 2022,Thu May 19 07:37:05 PDT 2022,Sun May 22 07:37:05 PDT 2022,Thu May 19 07:56:33 PDT 2022,,,104,100% (22/22),100% (22/22),100% (22/22),away,sound,,Positive,,
3UYRNV2KJ3OUUGBVXDFVHSBS5TEN8Q,398H02C4IDQI5HHO6KOZMDQW3QGEF2,Modifier/Aspect Sentiment analysis describing a set of headphones extracted from amazon reviews.,Determine if a modifier (adjective) describes an aspect (noun) in a positive or negative way.,"sentiment, text",Thu May 19 07:34:34 PDT 2022,1,BatchId:4744245;OriginalHitTemplateId:928390909;,3600,259200,Thu May 19 07:34:53 PDT 2022,,,34S9DKFK7EEBW6070JIR5PUIOYQYNB,A3R9G09MWQW6OY,Approved,Thu May 19 07:35:14 PDT 2022,Thu May 19 07:44:03 PDT 2022,Sun May 22 07:44:03 PDT 2022,Thu May 19 07:56:34 PDT 2022,,,529,100% (10/10),100% (10/10),100% (10/10),more missing,1/2,,Negative,,
388CL5C1STCXZR93O4TMHD023H4LH1,398H02C4IDQI5HHO6KOZMDQW3QGEF2,Modifier/Aspect Sentiment analysis describing a set of headphones extracted from amazon reviews.,Determine if a modifier (adjective) describes an aspect (noun) in a positive or negative way.,"sentiment, text",Thu May 19 07:34:34 PDT 2022,1,BatchId:4744245;OriginalHitTemplateId:928390909;,3600,259200,Thu May 19 07:34:53 PDT 2022,,,345LHZDED8HNBTNS8Z1NTQQZNTP3U3,AS5OG2PNDHRVQ,Approved,Thu May 19 07:35:17 PDT 2022,Thu May 19 07:37:24 PDT 2022,Sun May 22 07:37:24 PDT 2022,Thu May 19 07:55:59 PDT 2022,,,127,100% (26/26),100% (26/26),100% (26/26),huge,difference,,Neutral,,
3C8QQOM6KZQXVMKNUMB7HP1H3UJLIU,398H02C4IDQI5HHO6KOZMDQW3QGEF2,Modifier/Aspect Sentiment analysis describing a set of headphones extracted from amazon reviews.,Determine if a modifier (adjective) describes an aspect (noun) in a positive or negative way.,"sentiment, text",Thu May 19 07:34:34 PDT 2022,1,BatchId:4744245;OriginalHitTemplateId:928390909;,3600,259200,Thu May 19 07:34:54 PDT 2022,,,3Y4W8Q93LA9L60EP6EH42LEUSDNDV0,A1TYQG653YL7M8,Approved,Thu May 19 07:35:41 PDT 2022,Thu May 19 07:35:50 PDT 2022,Sun May 22 07:35:50 PDT 2022,Thu May 19 07:56:01 PDT 2022,,,9,100% (31/31),100% (31/31),100% (31/31),left,ear,,Very Negative,,
3FDWKV9VDXRMAVX8OF10054HXUWUMD,398H02C4IDQI5HHO6KOZMDQW3QGEF2,Modifier/Aspect Sentiment analysis describing a set of headphones extracted from amazon reviews.,Determine if a modifier (adjective) describes an aspect (noun) in a positive or negative way.,"sentiment, text",Thu May 19 07:34:34 PDT 2022,1,BatchId:4744245;OriginalHitTemplateId:928390909;,3600,259200,Thu May 19 07:34:54 PDT 2022,,,3RRCEFRB7X1TXQXQ8MPBY5QHC8EB4F,A3D8WEHC3FJ5UA,Approved,Thu May 19 07:35:15 PDT 2022,Thu May 19 07:35:50 PDT 2022,Sun May 22 07:35:50 PDT 2022,Thu May 19 07:56:02 PDT 2022,,,35,100% (23/23),100% (23/23),100% (23/23),perfect,sound,,Positive,,
3VGZ74AYUQ5QWRKMRLI5TUYEU8DGCH,398H02C4IDQI5HHO6KOZMDQW3QGEF2,Modifier/Aspect Sentiment analysis describing a set of headphones extracted from amazon reviews.,Determine if a modifier (adjective) describes an aspect (noun) in a positive or negative way.,"sentiment, text",Thu May 19 07:34:34 PDT 2022,1,BatchId:4744245;OriginalHitTemplateId:928390909;,3600,259200,Thu May 19 07:34:54 PDT 2022,,,3IAEQB9FMP9YLPEUWOM0ONX8ZMPDWA,A1A7Y1FQU7GCLD,Approved,Thu May 19 07:35:20 PDT 2022,Thu May 19 07:40:21 PDT 2022,Sun May 22 07:40:21 PDT 2022,Thu May 19 07:56:35 PDT 2022,,,301,100% (22/22),100% (22/22),100% (22/22),clear,sound,,Positive,,
3HEM8MA6IJ1035N4ZM9N781NZE1PQZ,398H02C4IDQI5HHO6KOZMDQW3QGEF2,Modifier/Aspect Sentiment analysis describing a set of headphones extracted from amazon reviews.,Determine if a modifier (adjective) describes an aspect (noun) in a positive or negative way.,"sentiment, text",Thu May 19 07:34:34 PDT 2022,1,BatchId:4744245;OriginalHitTemplateId:928390909;,3600,259200,Thu May 19 07:34:55 PDT 2022,,,3VE8AYVF8XMKT8W8PR1KY7X7TS28F1,A1PF0W8RH1CLSB,Approved,Thu May 19 07:35:11 PDT 2022,Thu May 19 07:38:47 PDT 2022,Sun May 22 07:38:47 PDT 2022,Thu May 19 07:56:03 PDT 2022,,,216,100% (6/6),100% (6/6),100% (6/6),1/2,sound,,Neutral,,
3PIOQ99R88BSSDI80GG0DKTH2K6UND,398H02C4IDQI5HHO6KOZMDQW3QGEF2,Modifier/Aspect Sentiment analysis describing a set of headphones extracted from amazon reviews.,Determine if a modifier (adjective) describes an aspect (noun) in a positive or negative way.,"sentiment, text",Thu May 19 07:34:34 PDT 2022,1,BatchId:4744245;OriginalHitTemplateId:928390909;,3600,259200,Thu May 26 07:34:34 PDT 2022,,,3GA6AFUKOZDI67H880UOAB19TLN3H2,AS5OG2PNDHRVQ,Approved,Thu May 19 07:35:06 PDT 2022,Thu May 19 07:35:27 PDT 2022,Sun May 22 07:35:27 PDT 2022,Thu May 19 07:56:07 PDT 2022,,,21,100% (26/26),100% (26/26),100% (26/26),great,purchase,,Positive,,
3CMV9YRYQDQTQX4TC4W7TQGHG98LJ6,398H02C4IDQI5HHO6KOZMDQW3QGEF2,Modifier/Aspect Sentiment analysis describing a set of headphones extracted from amazon reviews.,Determine if a modifier (adjective) describes an aspect (noun) in a positive or negative way.,"sentiment, text",Thu May 19 07:34:34 PDT 2022,1,BatchId:4744245;OriginalHitTemplateId:928390909;,3600,259200,Thu May 19 07:34:55 PDT 2022,,,33FOTY3KEXAVFWSDZ424BRPWI941CZ,A1PF0W8RH1CLSB,Approved,Thu May 19 07:35:16 PDT 2022,Thu May 19 07:53:52 PDT 2022,Sun May 22 07:53:52 PDT 2022,Thu May 19 07:56:01 PDT 2022,,,1116,100% (6/6),100% (6/6),100% (6/6),normal,level,,Neutral,,
3IVKZBIBKAYK344T8DQNTZEXVBCSHM,398H02C4IDQI5HHO6KOZMDQW3QGEF2,Modifier/Aspect Sentiment analysis describing a set of headphones extracted from amazon reviews.,Determine if a modifier (adjective) describes an aspect (noun) in a positive or negative way.,"sentiment, text",Thu May 19 07:34:34 PDT 2022,1,BatchId:4744245;OriginalHitTemplateId:928390909;,3600,259200,Thu May 19 07:34:55 PDT 2022,,,3Q5C1WP23XQAGBJYKUFWXLJMQSI15R,A1A7Y1FQU7GCLD,Approved,Thu May 19 07:35:04 PDT 2022,Thu May 19 07:39:29 PDT 2022,Sun May 22 07:39:29 PDT 2022,Thu May 19 07:56:04 PDT 2022,,,265,100% (22/22),100% (22/22),100% (22/22),sound,quality,,Positive,,
3MVY4USGCGCKZZFDEV88TBFCVORSIF,398H02C4IDQI5HHO6KOZMDQW3QGEF2,Modifier/Aspect Sentiment analysis describing a set of headphones extracted from amazon reviews.,Determine if a modifier (adjective) describes an aspect (noun) in a positive or negative way.,"sentiment, text",Thu May 19 07:34:35 PDT 2022,1,BatchId:4744245;OriginalHitTemplateId:928390909;,3600,259200,Thu May 26 07:34:35 PDT 2022,,,3M1CVSFP6BUV3LFW05WS6X7GQIBAQ1,A1O4RSQM7PU2QR,Approved,Thu May 19 07:35:14 PDT 2022,Thu May 19 07:35:24 PDT 2022,Sun May 22 07:35:24 PDT 2022,Thu May 19 07:56:06 PDT 2022,,,10,100% (2/2),100% (2/2),100% (2/2),good,quality,,Very Positive,,
3G5RUKN2FMSU8LU525L9HO63PZWN9F,398H02C4IDQI5HHO6KOZMDQW3QGEF2,Modifier/Aspect Sentiment analysis describing a set of headphones extracted from amazon reviews.,Determine if a modifier (adjective) describes an aspect (noun) in a positive or negative way.,"sentiment, text",Thu May 19 07:34:35 PDT 2022,1,BatchId:4744245;OriginalHitTemplateId:928390909;,3600,259200,Thu May 19 07:34:56 PDT 2022,,,3DEL4X4ELHAG80EB2P503RLGQC0YXV,A1A7Y1FQU7GCLD,Approved,Thu May 19 07:35:27 PDT 2022,Thu May 19 07:41:57 PDT 2022,Sun May 22 07:41:57 PDT 2022,Thu May 19 07:56:03 PDT 2022,,,390,100% (22/22),100% (22/22),100% (22/22),Poor,sound,,Very Negative,,
3QREJ3J44DMO1HABUPWJU5GUVY8LK5,398H02C4IDQI5HHO6KOZMDQW3QGEF2,Modifier/Aspect Sentiment analysis describing a set of headphones extracted from amazon reviews.,Determine if a modifier (adjective) describes an aspect (noun) in a positive or negative way.,"sentiment, text",Thu May 19 07:34:35 PDT 2022,1,BatchId:4744245;OriginalHitTemplateId:928390909;,3600,259200,Thu May 19 07:34:56 PDT 2022,,,320DUZ38GIBFRPOMRF4T5I6XAIWGJS,AS5OG2PNDHRVQ,Approved,Thu May 19 07:35:30 PDT 2022,Thu May 19 07:38:37 PDT 2022,Sun May 22 07:38:37 PDT 2022,Thu May 19 07:56:33 PDT 2022,,,187,100% (26/26),100% (26/26),100% (26/26),audio,quality,,Positive,,
3Y7LTZE0Z3BM92WR34RU870QCYEZUZ,398H02C4IDQI5HHO6KOZMDQW3QGEF2,Modifier/Aspect Sentiment analysis describing a set of headphones extracted from amazon reviews.,Determine if a modifier (adjective) describes an aspect (noun) in a positive or negative way.,"sentiment, text",Thu May 19 07:34:35 PDT 2022,1,BatchId:4744245;OriginalHitTemplateId:928390909;,3600,259200,Thu May 19 07:34:56 PDT 2022,,,3X4JMASXCXYCY2FPPL29M204VWYB0Z,A35HIV9BA5YKF7,Approved,Thu May 19 07:35:12 PDT 2022,Thu May 19 07:35:50 PDT 2022,Sun May 22 07:35:50 PDT 2022,Thu May 19 07:56:36 PDT 2022,,,38,100% (1/1),100% (1/1),100% (1/1),clear,reception,,Very Positive,,
3UAU495MJSHAAYIK1VGDS9TMSUBUOS,398H02C4IDQI5HHO6KOZMDQW3QGEF2,Modifier/Aspect Sentiment analysis describing a set of headphones extracted from amazon reviews.,Determine if a modifier (adjective) describes an aspect (noun) in a positive or negative way.,"sentiment, text",Thu May 19 07:34:35 PDT 2022,1,BatchId:4744245;OriginalHitTemplateId:928390909;,3600,259200,Thu May 19 07:34:57 PDT 2022,,,30X31N5D6EF7G1U9S9LX1XMH86WASQ,A3R9G09MWQW6OY,Approved,Thu May 19 07:35:07 PDT 2022,Thu May 19 07:42:56 PDT 2022,Sun May 22 07:42:56 PDT 2022,Thu May 19 07:56:34 PDT 2022,,,469,100% (10/10),100% (10/10),100% (10/10),low,level,,Neutral,,
36D1BWBEIXQDQJO65VRUUM9PE3D2M3,398H02C4IDQI5HHO6KOZMDQW3QGEF2,Modifier/Aspect Sentiment analysis describing a set of headphones extracted from amazon reviews.,Determine if a modifier (adjective) describes an aspect (noun) in a positive or negative way.,"sentiment, text",Thu May 19 07:34:35 PDT 2022,1,BatchId:4744245;OriginalHitTemplateId:928390909;,3600,259200,Thu May 26 07:34:35 PDT 2022,,,3R2PKQ87N7XJOO02K0HO6MBUTPJIMQ,A3HWV36FLA06FW,Approved,Thu May 19 07:35:10 PDT 2022,Thu May 19 07:35:19 PDT 2022,Sun May 22 07:35:19 PDT 2022,Thu May 19 07:55:59 PDT 2022,,,9,100% (2/2),100% (2/2),100% (2/2),Excellent,device,,Positive,,
3GITHABAD8AJ8196HW6U71YPJTN2N3,398H02C4IDQI5HHO6KOZMDQW3QGEF2,Modifier/Aspect Sentiment analysis describing a set of headphones extracted from amazon reviews.,Determine if a modifier (adjective) describes an aspect (noun) in a positive or negative way.,"sentiment, text",Thu May 19 07:34:35 PDT 2022,1,BatchId:4744245;OriginalHitTemplateId:928390909;,3600,259200,Thu May 19 07:34:58 PDT 2022,,,3DI28L7YXL3ACUCRVV8Z1FPZ3LHE15,A1NMUM4BXM3A0O,Approved,Thu May 19 07:35:24 PDT 2022,Thu May 19 07:35:48 PDT 2022,Sun May 22 07:35:48 PDT 2022,Thu May 19 07:56:03 PDT 2022,,,24,100% (13/13),100% (13/13),100% (13/13),easy,programs.they,,Very Positive,,
3QQUBC640O3K9HC35LRNXRSLW2NXN8,398H02C4IDQI5HHO6KOZMDQW3QGEF2,Modifier/Aspect Sentiment analysis describing a set of headphones extracted from amazon reviews.,Determine if a modifier (adjective) describes an aspect (noun) in a positive or negative way.,"sentiment, text",Thu May 19 07:34:35 PDT 2022,1,BatchId:4744245;OriginalHitTemplateId:928390909;,3600,259200,Thu May 26 07:34:35 PDT 2022,,,3GD6L00D33M8OI44CTWIENU8CN81MH,A2OVOWDTK4SW91,Approved,Thu May 19 07:35:30 PDT 2022,Thu May 19 07:35:40 PDT 2022,Sun May 22 07:35:40 PDT 2022,Thu May 19 07:56:33 PDT 2022,,,10,100% (26/26),100% (26/26),100% (26/26),broken,one,,Negative,,
3R5OYNIC3MYDVLFWGQ3ICDCAJL0PTD,398H02C4IDQI5HHO6KOZMDQW3QGEF2,Modifier/Aspect Sentiment analysis describing a set of headphones extracted from amazon reviews.,Determine if a modifier (adjective) describes an aspect (noun) in a positive or negative way.,"sentiment, text",Thu May 19 07:34:35 PDT 2022,1,BatchId:4744245;OriginalHitTemplateId:928390909;,3600,259200,Thu May 19 07:34:59 PDT 2022,,,3L70J4KAZRB1ECBRVJQ86Y0H73MDAZ,A3A4JW5Q9FQ1OW,Approved,Thu May 19 07:35:00 PDT 2022,Thu May 19 07:38:27 PDT 2022,Sun May 22 07:38:27 PDT 2022,Thu May 19 07:56:33 PDT 2022,,,207,100% (16/16),100% (16/16),100% (16/16),second,pair,,Positive,,
3MG8450X3YZSVYULGVTSH9YC2Z7UP9,398H02C4IDQI5HHO6KOZMDQW3QGEF2,Modifier/Aspect Sentiment analysis describing a set of headphones extracted from amazon reviews.,Determine if a modifier (adjective) describes an aspect (noun) in a positive or negative way.,"sentiment, text",Thu May 19 07:34:35 PDT 2022,1,BatchId:4744245;OriginalHitTemplateId:928390909;,3600,259200,Thu May 26 07:34:35 PDT 2022,,,3OHYZ19UGNUSI92GLS4OHSCGBHTAOT,AOYOTGAGF02CH,Approved,Thu May 19 07:35:14 PDT 2022,Thu May 19 07:35:43 PDT 2022,Sun May 22 07:35:43 PDT 2022,Thu May 19 07:56:05 PDT 2022,,,29,100% (27/27),100% (27/27),100% (27/27),good,product,,Positive,,
3MG8450X3YZSVYULGVTSH9YC2Z7PU4,398H02C4IDQI5HHO6KOZMDQW3QGEF2,Modifier/Aspect Sentiment analysis describing a set of headphones extracted from amazon reviews.,Determine if a modifier (adjective) describes an aspect (noun) in a positive or negative way.,"sentiment, text",Thu May 19 07:34:36 PDT 2022,1,BatchId:4744245;OriginalHitTemplateId:928390909;,3600,259200,Thu May 19 07:34:59 PDT 2022,,,3RXPCZQMQ008W88I1QYN1IABG1W1G9,APYH5KJNJP5IQ,Approved,Thu May 19 07:35:22 PDT 2022,Thu May 19 07:35:51 PDT 2022,Sun May 22 07:35:51 PDT 2022,Thu May 19 07:56:05 PDT 2022,,,29,100% (6/6),100% (6/6),100% (6/6),not strong,tuning,,Negative,,
39RRBHZ0B4QMMHLR8U1Z4T29Q5NZVO,398H02C4IDQI5HHO6KOZMDQW3QGEF2,Modifier/Aspect Sentiment analysis describing a set of headphones extracted from amazon reviews.,Determine if a modifier (adjective) describes an aspect (noun) in a positive or negative way.,"sentiment, text",Thu May 19 07:34:36 PDT 2022,1,BatchId:4744245;OriginalHitTemplateId:928390909;,3600,259200,Thu May 19 07:35:00 PDT 2022,,,3U4J9857OP0QGDF9AKNI1HAR3A4B7Z,A3A4JW5Q9FQ1OW,Approved,Thu May 19 07:35:17 PDT 2022,Thu May 19 07:39:29 PDT 2022,Sun May 22 07:39:29 PDT 2022,Thu May 19 07:56:00 PDT 2022,,,252,100% (16/16),100% (16/16),100% (16/16),Great,unit,,Very Positive,,
3VI0PC2ZB892R2CF60R0CGSQMCSXON,398H02C4IDQI5HHO6KOZMDQW3QGEF2,Modifier/Aspect Sentiment analysis describing a set of headphones extracted from amazon reviews.,Determine if a modifier (adjective) describes an aspect (noun) in a positive or negative way.,"sentiment, text",Thu May 19 07:34:36 PDT 2022,1,BatchId:4744245;OriginalHitTemplateId:928390909;,3600,259200,Thu May 19 07:35:00 PDT 2022,,,3NXNZ5RS1LM7SK0CC09MABF1FA179L,A1A7Y1FQU7GCLD,Approved,Thu May 19 07:35:23 PDT 2022,Thu May 19 07:41:42 PDT 2022,Sun May 22 07:41:42 PDT 2022,Thu May 19 07:56:35 PDT 2022,,,379,100% (22/22),100% (22/22),100% (22/22),Amazing,sound,,Very Positive,,
30EMX9PEWU8B5U51EYTK6RUPNSGSKQ,398H02C4IDQI5HHO6KOZMDQW3QGEF2,Modifier/Aspect Sentiment analysis describing a set of headphones extracted from amazon reviews.,Determine if a modifier (adjective) describes an aspect (noun) in a positive or negative way.,"sentiment, text",Thu May 19 07:34:36 PDT 2022,1,BatchId:4744245;OriginalHitTemplateId:928390909;,3600,259200,Thu May 26 07:34:36 PDT 2022,,,3AWETUDC9DHJNVZLZP7IEO738T1IZ7,A1TYQG653YL7M8,Approved,Thu May 19 07:35:19 PDT 2022,Thu May 19 07:35:31 PDT 2022,Sun May 22 07:35:31 PDT 2022,Thu May 19 07:55:56 PDT 2022,,,12,100% (31/31),100% (31/31),100% (31/31),great,response,,Negative,,
3LAZVA75OSG1QM9IIB67MQYU93S2OI,398H02C4IDQI5HHO6KOZMDQW3QGEF2,Modifier/Aspect Sentiment analysis describing a set of headphones extracted from amazon reviews.,Determine if a modifier (adjective) describes an aspect (noun) in a positive or negative way.,"sentiment, text",Thu May 19 07:34:36 PDT 2022,1,BatchId:4744245;OriginalHitTemplateId:928390909;,3600,259200,Thu May 19 07:35:00 PDT 2022,,,3BDCF01OG8JL86XMO62CSXQTJ3QYL9,A1PF0W8RH1CLSB,Approved,Thu May 19 07:35:14 PDT 2022,Thu May 19 07:53:32 PDT 2022,Sun May 22 07:53:32 PDT 2022,Thu May 19 07:56:05 PDT 2022,,,1098,100% (6/6),100% (6/6),100% (6/6),limited,hearing,,Neutral,,
3DGDV62G8YYJBMLJXBJMBQ3KJ8O2PZ,398H02C4IDQI5HHO6KOZMDQW3QGEF2,Modifier/Aspect Sentiment analysis describing a set of headphones extracted from amazon reviews.,Determine if a modifier (adjective) describes an aspect (noun) in a positive or negative way.,"sentiment, text",Thu May 19 07:34:36 PDT 2022,1,BatchId:4744245;OriginalHitTemplateId:928390909;,3600,259200,Thu May 19 07:35:01 PDT 2022,,,32ZKVD547QC8FUEM88KSO0YBY8I3BM,A3EDVGLEXLUE5,Approved,Thu May 19 07:34:56 PDT 2022,Thu May 19 07:36:24 PDT 2022,Sun May 22 07:36:24 PDT 2022,Thu May 19 07:56:02 PDT 2022,,,88,100% (4/4),100% (4/4),100% (4/4),great,stand,,Very Positive,,
3NOEP8XAVERKC2OGL04F1GXGWHOXP4,398H02C4IDQI5HHO6KOZMDQW3QGEF2,Modifier/Aspect Sentiment analysis describing a set of headphones extracted from amazon reviews.,Determine if a modifier (adjective) describes an aspect (noun) in a positive or negative way.,"sentiment, text",Thu May 19 07:34:36 PDT 2022,1,BatchId:4744245;OriginalHitTemplateId:928390909;,3600,259200,Thu May 19 07:35:01 PDT 2022,,,3Z4XG4ZF4JG1TUNTPL764EXEXXY8XS,A2R99OKTW7QVER,Approved,Thu May 19 07:35:27 PDT 2022,Thu May 19 07:40:17 PDT 2022,Sun May 22 07:40:17 PDT 2022,Thu May 19 07:56:06 PDT 2022,,,290,100% (15/15),100% (15/15),100% (15/15),Great,sound,,Positive,,
3AFT28WXMPR517NK7ERZ965BYZOIO8,398H02C4IDQI5HHO6KOZMDQW3QGEF2,Modifier/Aspect Sentiment analysis describing a set of headphones extracted from amazon reviews.,Determine if a modifier (adjective) describes an aspect (noun) in a positive or negative way.,"sentiment, text",Thu May 19 07:34:36 PDT 2022,1,BatchId:4744245;OriginalHitTemplateId:928390909;,3600,259200,Thu May 19 07:35:01 PDT 2022,,,3E1QT0TDF0Y43ZYYQZ7514AZ9KU8IS,A3R9G09MWQW6OY,Approved,Thu May 19 07:35:13 PDT 2022,Thu May 19 07:43:52 PDT 2022,Sun May 22 07:43:52 PDT 2022,Thu May 19 07:56:00 PDT 2022,,,519,100% (10/10),100% (10/10),100% (10/10),impaired,son,,Neutral,,
3T2EL38U1W95CEPVLDJ41LNQ1DAXQV,398H02C4IDQI5HHO6KOZMDQW3QGEF2,Modifier/Aspect Sentiment analysis describing a set of headphones extracted from amazon reviews.,Determine if a modifier (adjective) describes an aspect (noun) in a positive or negative way.,"sentiment, text",Thu May 19 07:34:36 PDT 2022,1,BatchId:4744245;OriginalHitTemplateId:928390909;,3600,259200,Thu May 19 07:35:01 PDT 2022,,,3ATPCQ38JJZ4CN6IRFDMJJAIPRSAY4,A3LLASQH67W43L,Approved,Thu May 19 07:35:11 PDT 2022,Thu May 19 07:41:15 PDT 2022,Sun May 22 07:41:15 PDT 2022,Thu May 19 07:56:34 PDT 2022,,,364,100% (3/3),100% (3/3),100% (3/3),wrong,control,,Very Negative,,
3TX9T2ZCCJQZ16LWY46VQVLNXEPZWY,398H02C4IDQI5HHO6KOZMDQW3QGEF2,Modifier/Aspect Sentiment analysis describing a set of headphones extracted from amazon reviews.,Determine if a modifier (adjective) describes an aspect (noun) in a positive or negative way.,"sentiment, text",Thu May 19 07:34:36 PDT 2022,1,BatchId:4744245;OriginalHitTemplateId:928390909;,3600,259200,Thu May 19 07:35:02 PDT 2022,,,3YMU66OBIYXJ0JTW3F18T5QIXQSGHN,AS5OG2PNDHRVQ,Approved,Thu May 19 07:35:26 PDT 2022,Thu May 19 07:38:00 PDT 2022,Sun May 22 07:38:00 PDT 2022,Thu May 19 07:56:34 PDT 2022,,,154,100% (26/26),100% (26/26),100% (26/26),great,headphones,,Positive,,
3ZFRE2BDRJ3EQ6QM892HSEZU6GVZXR,398H02C4IDQI5HHO6KOZMDQW3QGEF2,Modifier/Aspect Sentiment analysis describing a set of headphones extracted from amazon reviews.,Determine if a modifier (adjective) describes an aspect (noun) in a positive or negative way.,"sentiment, text",Thu May 19 07:34:36 PDT 2022,1,BatchId:4744245;OriginalHitTemplateId:928390909;,3600,259200,Thu May 19 07:35:02 PDT 2022,,,36WLNQG78AZBPSUJXS1O7R28PX8BEL,A1D9PO52V3EEAA,Approved,Thu May 19 07:35:27 PDT 2022,Thu May 19 07:38:55 PDT 2022,Sun May 22 07:38:55 PDT 2022,Thu May 19 07:56:37 PDT 2022,,,208,100% (10/10),100% (10/10),100% (10/10),impaired,father,,Very Negative,,
3X0EMNLXFZES8DJLLL3XDV0VG6GPVT,398H02C4IDQI5HHO6KOZMDQW3QGEF2,Modifier/Aspect Sentiment analysis describing a set of headphones extracted from amazon reviews.,Determine if a modifier (adjective) describes an aspect (noun) in a positive or negative way.,"sentiment, text",Thu May 19 07:34:36 PDT 2022,1,BatchId:4744245;OriginalHitTemplateId:928390909;,3600,259200,Thu May 26 07:34:36 PDT 2022,,,3KB8R4ZV1PW996QA3NRC7UNK2DNGB7,A2OVOWDTK4SW91,Approved,Thu May 19 07:35:20 PDT 2022,Thu May 19 07:35:30 PDT 2022,Sun May 22 07:35:30 PDT 2022,Thu May 19 07:56:36 PDT 2022,,,10,100% (26/26),100% (26/26),100% (26/26),correct,frequency,,Positive,,
3JUDR1D0EGG4BYMYXOYBBVTUO4A2QQ,398H02C4IDQI5HHO6KOZMDQW3QGEF2,Modifier/Aspect Sentiment analysis describing a set of headphones extracted from amazon reviews.,Determine if a modifier (adjective) describes an aspect (noun) in a positive or negative way.,"sentiment, text",Thu May 19 07:34:36 PDT 2022,1,BatchId:4744245;OriginalHitTemplateId:928390909;,3600,259200,Thu May 19 07:35:02 PDT 2022,,,3GDTJDAPV50QZIOPBE5XTXHGQTE8M8,A1FLTFXM10UYI5,Approved,Thu May 19 07:35:17 PDT 2022,Thu May 19 08:14:55 PDT 2022,Sun May 22 08:14:55 PDT 2022,Thu May 19 08:48:16 PDT 2022,,,2378,100% (2/2),100% (2/2),100% (2/2),charging,dock,,Negative,,
3NCN4N1H2Q6DWE920PZ58U1TDZZNBP,398H02C4IDQI5HHO6KOZMDQW3QGEF2,Modifier/Aspect Sentiment analysis describing a set of headphones extracted from amazon reviews.,Determine if a modifier (adjective) describes an aspect (noun) in a positive or negative way.,"sentiment, text",Thu May 19 07:34:36 PDT 2022,1,BatchId:4744245;OriginalHitTemplateId:928390909;,3600,259200,Thu May 19 07:35:02 PDT 2022,,,35DR22AR5O9FSXHND4CADXP3HB63XV,A3R9G09MWQW6OY,Approved,Thu May 19 07:35:21 PDT 2022,Thu May 19 07:44:31 PDT 2022,Sun May 22 07:44:31 PDT 2022,Thu May 19 07:56:06 PDT 2022,,,550,100% (10/10),100% (10/10),100% (10/10),sound,quality,,Positive,,
36U4VBVNRY2D7BA0TNXHM4YR3HVUR1,398H02C4IDQI5HHO6KOZMDQW3QGEF2,Modifier/Aspect Sentiment analysis describing a set of headphones extracted from amazon reviews.,Determine if a modifier (adjective) describes an aspect (noun) in a positive or negative way.,"sentiment, text",Thu May 19 07:34:36 PDT 2022,1,BatchId:4744245;OriginalHitTemplateId:928390909;,3600,259200,Thu May 26 07:34:36 PDT 2022,,,3EF8EXOTTCKINAYJ9WJQYV2R8TD1JD,A1JAI91IQFNMG2,Approved,Thu May 19 07:35:28 PDT 2022,Thu May 19 07:35:41 PDT 2022,Sun May 22 07:35:41 PDT 2022,Thu May 19 07:55:59 PDT 2022,,,13,100% (14/14),100% (14/14),100% (14/14),multiple,sets,,Positive,,
36QZ6V159J2P8QAD8CXMCE3NPJEUSP,398H02C4IDQI5HHO6KOZMDQW3QGEF2,Modifier/Aspect Sentiment analysis describing a set of headphones extracted from amazon reviews.,Determine if a modifier (adjective) describes an aspect (noun) in a positive or negative way.,"sentiment, text",Thu May 19 07:34:36 PDT 2022,1,BatchId:4744245;OriginalHitTemplateId:928390909;,3600,259200,Thu May 19 07:35:03 PDT 2022,,,3MRNMEIQWGVIAV2VSAFYFCGS1FLDLH,AS5OG2PNDHRVQ,Approved,Thu May 19 07:35:10 PDT 2022,Thu May 19 07:35:51 PDT 2022,Sun May 22 07:35:51 PDT 2022,Thu May 19 07:55:59 PDT 2022,,,41,100% (26/26),100% (26/26),100% (26/26),extra,bucks,,Neutral,,
32LAQ1JNUJEQNQNSXC2CMJZ9R2SUTE,398H02C4IDQI5HHO6KOZMDQW3QGEF2,Modifier/Aspect Sentiment analysis describing a set of headphones extracted from amazon reviews.,Determine if a modifier (adjective) describes an aspect (noun) in a positive or negative way.,"sentiment, text",Thu May 19 07:34:37 PDT 2022,1,BatchId:4744245;OriginalHitTemplateId:928390909;,3600,259200,Thu May 26 07:34:37 PDT 2022,,,3GLB5JMZF8K2O3OUHJII2KBK5YZDGB,A252AOV2RU7NZH,Approved,Thu May 19 07:35:18 PDT 2022,Thu May 19 07:35:43 PDT 2022,Sun May 22 07:35:43 PDT 2022,Thu May 19 07:55:57 PDT 2022,,,25,100% (1/1),100% (1/1),100% (1/1),rechargeable,Sony,,Positive,,
3VAOOVPI49HZLNSTFP8K95T9KYDLL8,398H02C4IDQI5HHO6KOZMDQW3QGEF2,Modifier/Aspect Sentiment analysis describing a set of headphones extracted from amazon reviews.,Determine if a modifier (adjective) describes an aspect (noun) in a positive or negative way.,"sentiment, text",Thu May 19 07:34:37 PDT 2022,1,BatchId:4744245;OriginalHitTemplateId:928390909;,3600,259200,Thu May 19 07:35:03 PDT 2022,,,3UXUOQ9OKPMLX3AH46NM66QLLSJ7A0,A36CMQ8MXQ4G0V,Approved,Thu May 19 07:35:25 PDT 2022,Thu May 19 07:36:19 PDT 2022,Sun May 22 07:36:19 PDT 2022,Thu May 19 07:56:35 PDT 2022,,,54,100% (10/10),100% (10/10),100% (10/10),smart,design,,Positive,,
32L724R86V9NM7ZLME4EY6A184KIPP,398H02C4IDQI5HHO6KOZMDQW3QGEF2,Modifier/Aspect Sentiment analysis describing a set of headphones extracted from amazon reviews.,Determine if a modifier (adjective) describes an aspect (noun) in a positive or negative way.,"sentiment, text",Thu May 19 07:34:37 PDT 2022,1,BatchId:4744245;OriginalHitTemplateId:928390909;,3600,259200,Thu May 19 07:35:04 PDT 2022,,,3570Y55XZ085MEJLDF5WF5LLNM5GYM,A1A7Y1FQU7GCLD,Approved,Thu May 19 07:36:01 PDT 2022,Thu May 19 07:42:48 PDT 2022,Sun May 22 07:42:48 PDT 2022,Thu May 19 07:55:57 PDT 2022,,,407,100% (22/22),100% (22/22),100% (22/22),fantastic,quality,,Positive,,
